id,name,logo_url,ieul_company_id
1,Speee1不動産,https://foodslink.jp/syokuzaihyakka/syun/fruit/abricotto/anzu21s.jpg,1
2,Speee2不動産,https://foodslink.jp/syokuzaihyakka/syun/fruit/Strawberry/Benituyaka08s.jpg,4
3,Speee3不動産,https://foodslink.jp/syokuzaihyakka/syun/fruit/Banana/Chiquita07.jpg,6
4,Speee4不動産,https://foodslink.jp/syokuzaihyakka/syun/fruit/Banana/Chiquita07.jpg,9
5,Speee5不動産,https://foodslink.jp/syokuzaihyakka/syun/fruit/Cranberry/Cranberry07s.jpg,13
6,Speee546不動産,https://foodslink.jp/syokuzaihyakka/syun/fruit/Melon/EarlsMelon16s.jpg,15
7,Speee7不動産,https://foodslink.jp/syokuzaihyakka/syun/top-img/durian16bs.jpg,16
8,Speee8不動産,https://foodslink.jp/syokuzaihyakka/syun/top-img/apple_Haruka04bs.jpg,17
9,Speee9不動産,https://foodslink.jp/syokuzaihyakka/syun/fruit/Peach-page/momo_Sakura07s.jpg,18
10,Speee10不動産,https://foodslink.jp/syokuzaihyakka/syun/fruit/Banana/Chiquita07.jpg,19
11,Speee11不動産,https://foodslink.jp/syokuzaihyakka/syun/fruit/sumomo/sumomo-taiyo2s.jpg,20
12,Speee12不動産,https://foodslink.jp/syokuzaihyakka/syun/fruit/Figue-page/ichijiku-toyomituhime2s.jpg,21
13,Speee13不動産,https://foodslink.jp/syokuzaihyakka/syun/fruit/Cranberry/Cranberry07s.jpg,22
14,Speee14不動産,https://foodslink.jp/syokuzaihyakka/syun/fruit/Budou-page/budou-Kyoho10s.jpg,23
15,Speee15不動産,https://foodslink.jp/syokuzaihyakka/syun/fruit/akebi-page/akebi11s.jpg,24
16,Speee16不動産,https://foodslink.jp/syokuzaihyakka/syun/fruit/shikuwasa/shikuwasa04s.jpg,25
17,Speee17不動産,https://foodslink.jp/syokuzaihyakka/syun/fruit/starfruit/starfruit04s.jpg,26
18,Speee18不動産,https://foodslink.jp/syokuzaihyakka/syun/fruit/Papaya/PapayaGreen01s.jpg,27
19,Speee19不動産,https://foodslink.jp/syokuzaihyakka/syun/fruit/abricotto/anzu21s.jpg,28
20,Speee20不動産,https://foodslink.jp/syokuzaihyakka/syun/fruit/Strawberry/Benituyaka08s.jpg,29
21,Speee21不動産,https://foodslink.jp/syokuzaihyakka/syun/fruit/Melon/EarlsMelon16s.jpg,30
22,Speee22不動産,https://foodslink.jp/syokuzaihyakka/syun/top-img/durian16bs.jpg,31
23,Speee23不動産,https://foodslink.jp/syokuzaihyakka/syun/top-img/apple_Haruka04bs.jpg,32
24,Speee24不動産,https://foodslink.jp/syokuzaihyakka/syun/fruit/Peach-page/momo_Sakura07s.jpg,33
25,Speee25不動産,https://foodslink.jp/syokuzaihyakka/syun/fruit/Banana/Chiquita07.jpg,34
26,Speee26不動産,https://foodslink.jp/syokuzaihyakka/syun/fruit/sumomo/sumomo-taiyo2s.jpg,35
27,Speee27不動産,https://foodslink.jp/syokuzaihyakka/syun/fruit/Figue-page/ichijiku-toyomituhime2s.jpg,36
28,Speee28不動産,https://foodslink.jp/syokuzaihyakka/syun/fruit/Cranberry/Cranberry07s.jpg,37
29,Speee29不動産,https://foodslink.jp/syokuzaihyakka/syun/fruit/Budou-page/budou-Kyoho10s.jpg,38
30,Speee30不動産,https://foodslink.jp/syokuzaihyakka/syun/fruit/akebi-page/akebi11s.jpg,39
31,Speee31不動産,https://foodslink.jp/syokuzaihyakka/syun/fruit/shikuwasa/shikuwasa04s.jpg,40
32,Speee32不動産,https://foodslink.jp/syokuzaihyakka/syun/fruit/starfruit/starfruit04s.jpg,41
33,Speee33不動産,https://foodslink.jp/syokuzaihyakka/syun/fruit/Papaya/PapayaGreen01s.jpg,42
34,Speee34不動産,https://foodslink.jp/syokuzaihyakka/syun/fruit/sumomo/sumomo-taiyo2s.jpg,43
35,Speee35不動産,https://foodslink.jp/syokuzaihyakka/syun/fruit/Figue-page/ichijiku-toyomituhime2s.jpg,44
36,Speee36不動産,https://foodslink.jp/syokuzaihyakka/syun/fruit/Cranberry/Cranberry07s.jpg,45
37,Speee37不動産,https://foodslink.jp/syokuzaihyakka/syun/fruit/Budou-page/budou-Kyoho10s.jpg,46
38,Speee38不動産,https://foodslink.jp/syokuzaihyakka/syun/fruit/akebi-page/akebi11s.jpg,47
39,Speee39不動産,https://foodslink.jp/syokuzaihyakka/syun/fruit/shikuwasa/shikuwasa04s.jpg,48
40,Speee40不動産,https://foodslink.jp/syokuzaihyakka/syun/fruit/starfruit/starfruit04s.jpg,49
41,Speee41不動産,https://foodslink.jp/syokuzaihyakka/syun/fruit/Papaya/PapayaGreen01s.jpg,50
42,Speee42不動産,https://foodslink.jp/syokuzaihyakka/syun/fruit/sumomo/sumomo-taiyo2s.jpg,51
43,Speee43不動産,https://foodslink.jp/syokuzaihyakka/syun/fruit/Figue-page/ichijiku-toyomituhime2s.jpg,52
44,Speee44不動産,https://foodslink.jp/syokuzaihyakka/syun/fruit/Cranberry/Cranberry07s.jpg,53
45,Speee45不動産,https://foodslink.jp/syokuzaihyakka/syun/fruit/Budou-page/budou-Kyoho10s.jpg,54
46,Speee46不動産,https://foodslink.jp/syokuzaihyakka/syun/fruit/akebi-page/akebi11s.jpg,55
47,Speee47不動産,https://foodslink.jp/syokuzaihyakka/syun/fruit/shikuwasa/shikuwasa04s.jpg,56
48,Speee48不動産,https://foodslink.jp/syokuzaihyakka/syun/fruit/starfruit/starfruit04s.jpg,57
49,Speee49不動産,https://foodslink.jp/syokuzaihyakka/syun/fruit/Papaya/PapayaGreen01s.jpg,58
50,Speee50不動産,https://foodslink.jp/syokuzaihyakka/syun/fruit/sumomo/sumomo-taiyo2s.jpg,59
51,Speee51不動産,https://foodslink.jp/syokuzaihyakka/syun/fruit/Figue-page/ichijiku-toyomituhime2s.jpg,60
52,Speee52不動産,https://foodslink.jp/syokuzaihyakka/syun/fruit/Cranberry/Cranberry07s.jpg,61
53,Speee53不動産,https://foodslink.jp/syokuzaihyakka/syun/fruit/Budou-page/budou-Kyoho10s.jpg,62
54,Speee54不動産,https://foodslink.jp/syokuzaihyakka/syun/fruit/akebi-page/akebi11s.jpg,63
55,Speee55不動産,https://foodslink.jp/syokuzaihyakka/syun/fruit/shikuwasa/shikuwasa04s.jpg,64
56,Speee56不動産,https://foodslink.jp/syokuzaihyakka/syun/fruit/starfruit/starfruit04s.jpg,65
57,Speee57不動産,https://foodslink.jp/syokuzaihyakka/syun/fruit/Papaya/PapayaGreen01s.jpg,66
58,Speee58不動産,https://foodslink.jp/syokuzaihyakka/syun/fruit/sumomo/sumomo-taiyo2s.jpg,67
59,Speee59不動産,https://foodslink.jp/syokuzaihyakka/syun/fruit/Figue-page/ichijiku-toyomituhime2s.jpg,68
60,Speee60不動産,https://foodslink.jp/syokuzaihyakka/syun/fruit/Cranberry/Cranberry07s.jpg,69
61,Speee61不動産,https://foodslink.jp/syokuzaihyakka/syun/fruit/Budou-page/budou-Kyoho10s.jpg,70
62,Speee62不動産,https://foodslink.jp/syokuzaihyakka/syun/fruit/akebi-page/akebi11s.jpg,71
63,Speee63不動産,https://foodslink.jp/syokuzaihyakka/syun/fruit/shikuwasa/shikuwasa04s.jpg,72
64,Speee64不動産,https://foodslink.jp/syokuzaihyakka/syun/fruit/starfruit/starfruit04s.jpg,73
65,Speee65不動産,https://foodslink.jp/syokuzaihyakka/syun/fruit/Papaya/PapayaGreen01s.jpg,74
66,Speee66不動産,https://foodslink.jp/syokuzaihyakka/syun/fruit/sumomo/sumomo-taiyo2s.jpg,75
67,Speee67不動産,https://foodslink.jp/syokuzaihyakka/syun/fruit/Figue-page/ichijiku-toyomituhime2s.jpg,76
68,Speee68不動産,https://foodslink.jp/syokuzaihyakka/syun/fruit/Cranberry/Cranberry07s.jpg,77
69,Speee69不動産,https://foodslink.jp/syokuzaihyakka/syun/fruit/Budou-page/budou-Kyoho10s.jpg,78
70,Speee70不動産,https://foodslink.jp/syokuzaihyakka/syun/fruit/akebi-page/akebi11s.jpg,79
71,Speee71不動産,https://foodslink.jp/syokuzaihyakka/syun/fruit/shikuwasa/shikuwasa04s.jpg,80
72,Speee72不動産,https://foodslink.jp/syokuzaihyakka/syun/fruit/starfruit/starfruit04s.jpg,81
73,Speee73不動産,https://foodslink.jp/syokuzaihyakka/syun/fruit/Papaya/PapayaGreen01s.jpg,82
74,Speee74不動産,https://foodslink.jp/syokuzaihyakka/syun/fruit/sumomo/sumomo-taiyo2s.jpg,83
75,Speee75不動産,https://foodslink.jp/syokuzaihyakka/syun/fruit/Figue-page/ichijiku-toyomituhime2s.jpg,84
76,Speee76不動産,https://foodslink.jp/syokuzaihyakka/syun/fruit/Cranberry/Cranberry07s.jpg,85
77,Speee77不動産,https://foodslink.jp/syokuzaihyakka/syun/fruit/Budou-page/budou-Kyoho10s.jpg,86
78,Speee78不動産,https://foodslink.jp/syokuzaihyakka/syun/fruit/akebi-page/akebi11s.jpg,87
79,Speee79不動産,https://foodslink.jp/syokuzaihyakka/syun/fruit/shikuwasa/shikuwasa04s.jpg,88
80,Speee80不動産,https://foodslink.jp/syokuzaihyakka/syun/fruit/starfruit/starfruit04s.jpg,89
81,Speee81不動産,https://foodslink.jp/syokuzaihyakka/syun/fruit/Papaya/PapayaGreen01s.jpg,90
82,Speee82不動産,https://foodslink.jp/syokuzaihyakka/syun/fruit/sumomo/sumomo-taiyo2s.jpg,91
83,Speee83不動産,https://foodslink.jp/syokuzaihyakka/syun/fruit/Figue-page/ichijiku-toyomituhime2s.jpg,92
84,Speee84不動産,https://foodslink.jp/syokuzaihyakka/syun/fruit/Cranberry/Cranberry07s.jpg,93
85,Speee85不動産,https://foodslink.jp/syokuzaihyakka/syun/fruit/Budou-page/budou-Kyoho10s.jpg,94
86,Speee86不動産,https://foodslink.jp/syokuzaihyakka/syun/fruit/akebi-page/akebi11s.jpg,95
87,Speee87不動産,https://foodslink.jp/syokuzaihyakka/syun/fruit/shikuwasa/shikuwasa04s.jpg,96
88,Speee88不動産,https://foodslink.jp/syokuzaihyakka/syun/fruit/starfruit/starfruit04s.jpg,97
89,Speee89不動産,https://foodslink.jp/syokuzaihyakka/syun/fruit/Papaya/PapayaGreen01s.jpg,98
90,Speee90不動産,https://foodslink.jp/syokuzaihyakka/syun/fruit/sumomo/sumomo-taiyo2s.jpg,99
91,Speee91不動産,https://foodslink.jp/syokuzaihyakka/syun/fruit/Figue-page/ichijiku-toyomituhime2s.jpg,100
92,Speee92不動産,https://foodslink.jp/syokuzaihyakka/syun/fruit/Cranberry/Cranberry07s.jpg,101
93,Speee93不動産,https://foodslink.jp/syokuzaihyakka/syun/fruit/Budou-page/budou-Kyoho10s.jpg,102
94,Speee94不動産,https://foodslink.jp/syokuzaihyakka/syun/fruit/akebi-page/akebi11s.jpg,103
95,Speee95不動産,https://foodslink.jp/syokuzaihyakka/syun/fruit/shikuwasa/shikuwasa04s.jpg,104
96,Speee96不動産,https://foodslink.jp/syokuzaihyakka/syun/fruit/starfruit/starfruit04s.jpg,105
97,Speee97不動産,https://foodslink.jp/syokuzaihyakka/syun/fruit/Papaya/PapayaGreen01s.jpg,106
98,Speee98不動産,https://foodslink.jp/syokuzaihyakka/syun/fruit/sumomo/sumomo-taiyo2s.jpg,107
99,Speee99不動産,https://foodslink.jp/syokuzaihyakka/syun/fruit/Figue-page/ichijiku-toyomituhime2s.jpg,108
100,Speee100不動産,https://foodslink.jp/syokuzaihyakka/syun/fruit/Cranberry/Cranberry07s.jpg,109
101,Speee101不動産,https://foodslink.jp/syokuzaihyakka/syun/fruit/Budou-page/budou-Kyoho10s.jpg,110
102,Speee102不動産,https://foodslink.jp/syokuzaihyakka/syun/fruit/akebi-page/akebi11s.jpg,111
103,Speee103不動産,https://foodslink.jp/syokuzaihyakka/syun/fruit/shikuwasa/shikuwasa04s.jpg,112
104,Speee104不動産,https://foodslink.jp/syokuzaihyakka/syun/fruit/starfruit/starfruit04s.jpg,113
105,Speee105不動産,https://foodslink.jp/syokuzaihyakka/syun/fruit/Papaya/PapayaGreen01s.jpg,114
106,Speee106不動産,https://foodslink.jp/syokuzaihyakka/syun/fruit/sumomo/sumomo-taiyo2s.jpg,115
107,Speee107不動産,https://foodslink.jp/syokuzaihyakka/syun/fruit/Figue-page/ichijiku-toyomituhime2s.jpg,116
108,Speee108不動産,https://foodslink.jp/syokuzaihyakka/syun/fruit/Cranberry/Cranberry07s.jpg,117
109,Speee109不動産,https://foodslink.jp/syokuzaihyakka/syun/fruit/Budou-page/budou-Kyoho10s.jpg,118
110,Speee110不動産,https://foodslink.jp/syokuzaihyakka/syun/fruit/akebi-page/akebi11s.jpg,119
111,Speee111不動産,https://foodslink.jp/syokuzaihyakka/syun/fruit/shikuwasa/shikuwasa04s.jpg,120
112,Speee112不動産,https://foodslink.jp/syokuzaihyakka/syun/fruit/starfruit/starfruit04s.jpg,121
113,Speee113不動産,https://foodslink.jp/syokuzaihyakka/syun/fruit/Papaya/PapayaGreen01s.jpg,122
114,Speee114不動産,https://foodslink.jp/syokuzaihyakka/syun/fruit/sumomo/sumomo-taiyo2s.jpg,123
115,Speee115不動産,https://foodslink.jp/syokuzaihyakka/syun/fruit/Figue-page/ichijiku-toyomituhime2s.jpg,124
116,Speee116不動産,https://foodslink.jp/syokuzaihyakka/syun/fruit/Cranberry/Cranberry07s.jpg,125
117,Speee117不動産,https://foodslink.jp/syokuzaihyakka/syun/fruit/Budou-page/budou-Kyoho10s.jpg,126
118,Speee118不動産,https://foodslink.jp/syokuzaihyakka/syun/fruit/akebi-page/akebi11s.jpg,127
119,Speee119不動産,https://foodslink.jp/syokuzaihyakka/syun/fruit/shikuwasa/shikuwasa04s.jpg,128
120,Speee120不動産,https://foodslink.jp/syokuzaihyakka/syun/fruit/starfruit/starfruit04s.jpg,129
121,Speee121不動産,https://foodslink.jp/syokuzaihyakka/syun/fruit/Papaya/PapayaGreen01s.jpg,130
122,Speee122不動産,https://foodslink.jp/syokuzaihyakka/syun/fruit/sumomo/sumomo-taiyo2s.jpg,131
123,Speee123不動産,https://foodslink.jp/syokuzaihyakka/syun/fruit/Figue-page/ichijiku-toyomituhime2s.jpg,132
124,Speee124不動産,https://foodslink.jp/syokuzaihyakka/syun/fruit/Cranberry/Cranberry07s.jpg,133
125,Speee125不動産,https://foodslink.jp/syokuzaihyakka/syun/fruit/Budou-page/budou-Kyoho10s.jpg,134
126,Speee126不動産,https://foodslink.jp/syokuzaihyakka/syun/fruit/akebi-page/akebi11s.jpg,135
127,Speee127不動産,https://foodslink.jp/syokuzaihyakka/syun/fruit/shikuwasa/shikuwasa04s.jpg,136
128,Speee128不動産,https://foodslink.jp/syokuzaihyakka/syun/fruit/starfruit/starfruit04s.jpg,137
129,Speee129不動産,https://foodslink.jp/syokuzaihyakka/syun/fruit/Papaya/PapayaGreen01s.jpg,138
130,Speee130不動産,https://foodslink.jp/syokuzaihyakka/syun/fruit/sumomo/sumomo-taiyo2s.jpg,139
131,Speee131不動産,https://foodslink.jp/syokuzaihyakka/syun/fruit/Figue-page/ichijiku-toyomituhime2s.jpg,140
132,Speee132不動産,https://foodslink.jp/syokuzaihyakka/syun/fruit/Cranberry/Cranberry07s.jpg,141
133,Speee133不動産,https://foodslink.jp/syokuzaihyakka/syun/fruit/Budou-page/budou-Kyoho10s.jpg,142
134,Speee134不動産,https://foodslink.jp/syokuzaihyakka/syun/fruit/akebi-page/akebi11s.jpg,143
135,Speee135不動産,https://foodslink.jp/syokuzaihyakka/syun/fruit/shikuwasa/shikuwasa04s.jpg,144
136,Speee136不動産,https://foodslink.jp/syokuzaihyakka/syun/fruit/starfruit/starfruit04s.jpg,145
137,Speee137不動産,https://foodslink.jp/syokuzaihyakka/syun/fruit/Papaya/PapayaGreen01s.jpg,146
138,Speee138不動産,https://foodslink.jp/syokuzaihyakka/syun/fruit/sumomo/sumomo-taiyo2s.jpg,147
139,Speee139不動産,https://foodslink.jp/syokuzaihyakka/syun/fruit/Figue-page/ichijiku-toyomituhime2s.jpg,148
140,Speee140不動産,https://foodslink.jp/syokuzaihyakka/syun/fruit/Cranberry/Cranberry07s.jpg,149
141,Speee141不動産,https://foodslink.jp/syokuzaihyakka/syun/fruit/Budou-page/budou-Kyoho10s.jpg,150
142,Speee142不動産,https://foodslink.jp/syokuzaihyakka/syun/fruit/akebi-page/akebi11s.jpg,151
143,Speee143不動産,https://foodslink.jp/syokuzaihyakka/syun/fruit/shikuwasa/shikuwasa04s.jpg,152
144,Speee144不動産,https://foodslink.jp/syokuzaihyakka/syun/fruit/starfruit/starfruit04s.jpg,153
145,Speee145不動産,https://foodslink.jp/syokuzaihyakka/syun/fruit/Papaya/PapayaGreen01s.jpg,154
146,Speee146不動産,https://foodslink.jp/syokuzaihyakka/syun/fruit/sumomo/sumomo-taiyo2s.jpg,155
147,Speee147不動産,https://foodslink.jp/syokuzaihyakka/syun/fruit/Figue-page/ichijiku-toyomituhime2s.jpg,156
148,Speee148不動産,https://foodslink.jp/syokuzaihyakka/syun/fruit/Cranberry/Cranberry07s.jpg,157
149,Speee149不動産,https://foodslink.jp/syokuzaihyakka/syun/fruit/Budou-page/budou-Kyoho10s.jpg,158
150,Speee150不動産,https://foodslink.jp/syokuzaihyakka/syun/fruit/akebi-page/akebi11s.jpg,159
151,Speee151不動産,https://foodslink.jp/syokuzaihyakka/syun/fruit/shikuwasa/shikuwasa04s.jpg,160
152,Speee152不動産,https://foodslink.jp/syokuzaihyakka/syun/fruit/starfruit/starfruit04s.jpg,161
153,Speee153不動産,https://foodslink.jp/syokuzaihyakka/syun/fruit/Papaya/PapayaGreen01s.jpg,162
154,Speee154不動産,https://foodslink.jp/syokuzaihyakka/syun/fruit/sumomo/sumomo-taiyo2s.jpg,163
155,Speee155不動産,https://foodslink.jp/syokuzaihyakka/syun/fruit/Figue-page/ichijiku-toyomituhime2s.jpg,164
156,Speee156不動産,https://foodslink.jp/syokuzaihyakka/syun/fruit/Cranberry/Cranberry07s.jpg,165
157,Speee157不動産,https://foodslink.jp/syokuzaihyakka/syun/fruit/Budou-page/budou-Kyoho10s.jpg,166
158,Speee158不動産,https://foodslink.jp/syokuzaihyakka/syun/fruit/akebi-page/akebi11s.jpg,167
159,Speee159不動産,https://foodslink.jp/syokuzaihyakka/syun/fruit/shikuwasa/shikuwasa04s.jpg,168
160,Speee160不動産,https://foodslink.jp/syokuzaihyakka/syun/fruit/starfruit/starfruit04s.jpg,169
161,Speee161不動産,https://foodslink.jp/syokuzaihyakka/syun/fruit/Papaya/PapayaGreen01s.jpg,170
162,Speee162不動産,https://foodslink.jp/syokuzaihyakka/syun/fruit/sumomo/sumomo-taiyo2s.jpg,171
163,Speee163不動産,https://foodslink.jp/syokuzaihyakka/syun/fruit/Figue-page/ichijiku-toyomituhime2s.jpg,172
164,Speee164不動産,https://foodslink.jp/syokuzaihyakka/syun/fruit/Cranberry/Cranberry07s.jpg,173
165,Speee165不動産,https://foodslink.jp/syokuzaihyakka/syun/fruit/Budou-page/budou-Kyoho10s.jpg,174
166,Speee166不動産,https://foodslink.jp/syokuzaihyakka/syun/fruit/akebi-page/akebi11s.jpg,175
167,Speee167不動産,https://foodslink.jp/syokuzaihyakka/syun/fruit/shikuwasa/shikuwasa04s.jpg,176
168,Speee168不動産,https://foodslink.jp/syokuzaihyakka/syun/fruit/starfruit/starfruit04s.jpg,177
169,Speee169不動産,https://foodslink.jp/syokuzaihyakka/syun/fruit/Papaya/PapayaGreen01s.jpg,178
170,Speee170不動産,https://foodslink.jp/syokuzaihyakka/syun/fruit/sumomo/sumomo-taiyo2s.jpg,179
171,Speee171不動産,https://foodslink.jp/syokuzaihyakka/syun/fruit/Figue-page/ichijiku-toyomituhime2s.jpg,180
172,Speee172不動産,https://foodslink.jp/syokuzaihyakka/syun/fruit/Cranberry/Cranberry07s.jpg,181
173,Speee173不動産,https://foodslink.jp/syokuzaihyakka/syun/fruit/Budou-page/budou-Kyoho10s.jpg,182
174,Speee174不動産,https://foodslink.jp/syokuzaihyakka/syun/fruit/akebi-page/akebi11s.jpg,183
175,Speee175不動産,https://foodslink.jp/syokuzaihyakka/syun/fruit/shikuwasa/shikuwasa04s.jpg,184
176,Speee176不動産,https://foodslink.jp/syokuzaihyakka/syun/fruit/starfruit/starfruit04s.jpg,185
177,Speee177不動産,https://foodslink.jp/syokuzaihyakka/syun/fruit/Papaya/PapayaGreen01s.jpg,186
178,Speee178不動産,https://foodslink.jp/syokuzaihyakka/syun/fruit/sumomo/sumomo-taiyo2s.jpg,187
179,Speee179不動産,https://foodslink.jp/syokuzaihyakka/syun/fruit/Figue-page/ichijiku-toyomituhime2s.jpg,188
180,Speee180不動産,https://foodslink.jp/syokuzaihyakka/syun/fruit/Cranberry/Cranberry07s.jpg,189
181,Speee181不動産,https://foodslink.jp/syokuzaihyakka/syun/fruit/Budou-page/budou-Kyoho10s.jpg,190
182,Speee182不動産,https://foodslink.jp/syokuzaihyakka/syun/fruit/akebi-page/akebi11s.jpg,191
183,Speee183不動産,https://foodslink.jp/syokuzaihyakka/syun/fruit/shikuwasa/shikuwasa04s.jpg,192
184,Speee184不動産,https://foodslink.jp/syokuzaihyakka/syun/fruit/starfruit/starfruit04s.jpg,193
185,Speee185不動産,https://foodslink.jp/syokuzaihyakka/syun/fruit/Papaya/PapayaGreen01s.jpg,194
186,Speee186不動産,https://foodslink.jp/syokuzaihyakka/syun/fruit/sumomo/sumomo-taiyo2s.jpg,195
187,Speee187不動産,https://foodslink.jp/syokuzaihyakka/syun/fruit/Figue-page/ichijiku-toyomituhime2s.jpg,196
188,Speee188不動産,https://foodslink.jp/syokuzaihyakka/syun/fruit/Cranberry/Cranberry07s.jpg,197
189,Speee189不動産,https://foodslink.jp/syokuzaihyakka/syun/fruit/Budou-page/budou-Kyoho10s.jpg,198
190,Speee190不動産,https://foodslink.jp/syokuzaihyakka/syun/fruit/akebi-page/akebi11s.jpg,199
191,Speee191不動産,https://foodslink.jp/syokuzaihyakka/syun/fruit/shikuwasa/shikuwasa04s.jpg,200
192,Speee192不動産,https://foodslink.jp/syokuzaihyakka/syun/fruit/starfruit/starfruit04s.jpg,201
193,Speee193不動産,https://foodslink.jp/syokuzaihyakka/syun/fruit/Papaya/PapayaGreen01s.jpg,202
194,Speee194不動産,https://foodslink.jp/syokuzaihyakka/syun/fruit/sumomo/sumomo-taiyo2s.jpg,203
195,Speee195不動産,https://foodslink.jp/syokuzaihyakka/syun/fruit/Figue-page/ichijiku-toyomituhime2s.jpg,204
196,Speee196不動産,https://foodslink.jp/syokuzaihyakka/syun/fruit/Cranberry/Cranberry07s.jpg,205
197,Speee197不動産,https://foodslink.jp/syokuzaihyakka/syun/fruit/Budou-page/budou-Kyoho10s.jpg,206
198,Speee198不動産,https://foodslink.jp/syokuzaihyakka/syun/fruit/akebi-page/akebi11s.jpg,207
199,Speee199不動産,https://foodslink.jp/syokuzaihyakka/syun/fruit/shikuwasa/shikuwasa04s.jpg,208
200,Speee200不動産,https://foodslink.jp/syokuzaihyakka/syun/fruit/starfruit/starfruit04s.jpg,209
201,Speee201不動産,https://foodslink.jp/syokuzaihyakka/syun/fruit/Papaya/PapayaGreen01s.jpg,210
202,Speee202不動産,https://foodslink.jp/syokuzaihyakka/syun/fruit/sumomo/sumomo-taiyo2s.jpg,211
203,Speee203不動産,https://foodslink.jp/syokuzaihyakka/syun/fruit/Figue-page/ichijiku-toyomituhime2s.jpg,212
204,Speee204不動産,https://foodslink.jp/syokuzaihyakka/syun/fruit/Cranberry/Cranberry07s.jpg,213
205,Speee205不動産,https://foodslink.jp/syokuzaihyakka/syun/fruit/Budou-page/budou-Kyoho10s.jpg,214
206,Speee206不動産,https://foodslink.jp/syokuzaihyakka/syun/fruit/akebi-page/akebi11s.jpg,215
207,Speee207不動産,https://foodslink.jp/syokuzaihyakka/syun/fruit/shikuwasa/shikuwasa04s.jpg,216
208,Speee208不動産,https://foodslink.jp/syokuzaihyakka/syun/fruit/starfruit/starfruit04s.jpg,217
209,Speee209不動産,https://foodslink.jp/syokuzaihyakka/syun/fruit/Papaya/PapayaGreen01s.jpg,218
210,Speee210不動産,https://foodslink.jp/syokuzaihyakka/syun/fruit/sumomo/sumomo-taiyo2s.jpg,219
211,Speee211不動産,https://foodslink.jp/syokuzaihyakka/syun/fruit/Figue-page/ichijiku-toyomituhime2s.jpg,220
212,Speee212不動産,https://foodslink.jp/syokuzaihyakka/syun/fruit/Cranberry/Cranberry07s.jpg,221
213,Speee213不動産,https://foodslink.jp/syokuzaihyakka/syun/fruit/Budou-page/budou-Kyoho10s.jpg,222
214,Speee214不動産,https://foodslink.jp/syokuzaihyakka/syun/fruit/akebi-page/akebi11s.jpg,223
215,Speee215不動産,https://foodslink.jp/syokuzaihyakka/syun/fruit/shikuwasa/shikuwasa04s.jpg,224
216,Speee216不動産,https://foodslink.jp/syokuzaihyakka/syun/fruit/starfruit/starfruit04s.jpg,225
217,Speee217不動産,https://foodslink.jp/syokuzaihyakka/syun/fruit/Papaya/PapayaGreen01s.jpg,226
218,Speee218不動産,https://foodslink.jp/syokuzaihyakka/syun/fruit/sumomo/sumomo-taiyo2s.jpg,227
219,Speee219不動産,https://foodslink.jp/syokuzaihyakka/syun/fruit/Figue-page/ichijiku-toyomituhime2s.jpg,228
220,Speee220不動産,https://foodslink.jp/syokuzaihyakka/syun/fruit/Cranberry/Cranberry07s.jpg,229
221,Speee221不動産,https://foodslink.jp/syokuzaihyakka/syun/fruit/Budou-page/budou-Kyoho10s.jpg,230
222,Speee222不動産,https://foodslink.jp/syokuzaihyakka/syun/fruit/akebi-page/akebi11s.jpg,231
223,Speee223不動産,https://foodslink.jp/syokuzaihyakka/syun/fruit/shikuwasa/shikuwasa04s.jpg,232
224,Speee224不動産,https://foodslink.jp/syokuzaihyakka/syun/fruit/starfruit/starfruit04s.jpg,233
225,Speee225不動産,https://foodslink.jp/syokuzaihyakka/syun/fruit/Papaya/PapayaGreen01s.jpg,234
226,Speee226不動産,https://foodslink.jp/syokuzaihyakka/syun/fruit/sumomo/sumomo-taiyo2s.jpg,235
227,Speee227不動産,https://foodslink.jp/syokuzaihyakka/syun/fruit/Figue-page/ichijiku-toyomituhime2s.jpg,236
228,Speee228不動産,https://foodslink.jp/syokuzaihyakka/syun/fruit/Cranberry/Cranberry07s.jpg,237
229,Speee229不動産,https://foodslink.jp/syokuzaihyakka/syun/fruit/Budou-page/budou-Kyoho10s.jpg,238
230,Speee230不動産,https://foodslink.jp/syokuzaihyakka/syun/fruit/akebi-page/akebi11s.jpg,239
231,Speee231不動産,https://foodslink.jp/syokuzaihyakka/syun/fruit/shikuwasa/shikuwasa04s.jpg,240
232,Speee232不動産,https://foodslink.jp/syokuzaihyakka/syun/fruit/starfruit/starfruit04s.jpg,241
233,Speee233不動産,https://foodslink.jp/syokuzaihyakka/syun/fruit/Papaya/PapayaGreen01s.jpg,242
234,Speee234不動産,https://foodslink.jp/syokuzaihyakka/syun/fruit/sumomo/sumomo-taiyo2s.jpg,243
235,Speee235不動産,https://foodslink.jp/syokuzaihyakka/syun/fruit/Figue-page/ichijiku-toyomituhime2s.jpg,244
236,Speee236不動産,https://foodslink.jp/syokuzaihyakka/syun/fruit/Cranberry/Cranberry07s.jpg,245
237,Speee237不動産,https://foodslink.jp/syokuzaihyakka/syun/fruit/Budou-page/budou-Kyoho10s.jpg,246
238,Speee238不動産,https://foodslink.jp/syokuzaihyakka/syun/fruit/akebi-page/akebi11s.jpg,247
239,Speee239不動産,https://foodslink.jp/syokuzaihyakka/syun/fruit/shikuwasa/shikuwasa04s.jpg,248
240,Speee240不動産,https://foodslink.jp/syokuzaihyakka/syun/fruit/starfruit/starfruit04s.jpg,249
241,Speee241不動産,https://foodslink.jp/syokuzaihyakka/syun/fruit/Papaya/PapayaGreen01s.jpg,250
242,Speee242不動産,https://foodslink.jp/syokuzaihyakka/syun/fruit/sumomo/sumomo-taiyo2s.jpg,251
243,Speee243不動産,https://foodslink.jp/syokuzaihyakka/syun/fruit/Figue-page/ichijiku-toyomituhime2s.jpg,252
244,Speee244不動産,https://foodslink.jp/syokuzaihyakka/syun/fruit/Cranberry/Cranberry07s.jpg,253
245,Speee245不動産,https://foodslink.jp/syokuzaihyakka/syun/fruit/Budou-page/budou-Kyoho10s.jpg,254
246,Speee246不動産,https://foodslink.jp/syokuzaihyakka/syun/fruit/akebi-page/akebi11s.jpg,255
247,Speee247不動産,https://foodslink.jp/syokuzaihyakka/syun/fruit/shikuwasa/shikuwasa04s.jpg,256
248,Speee248不動産,https://foodslink.jp/syokuzaihyakka/syun/fruit/starfruit/starfruit04s.jpg,257
249,Speee249不動産,https://foodslink.jp/syokuzaihyakka/syun/fruit/Papaya/PapayaGreen01s.jpg,258
250,Speee250不動産,https://foodslink.jp/syokuzaihyakka/syun/fruit/sumomo/sumomo-taiyo2s.jpg,259
251,Speee251不動産,https://foodslink.jp/syokuzaihyakka/syun/fruit/Figue-page/ichijiku-toyomituhime2s.jpg,260
252,Speee252不動産,https://foodslink.jp/syokuzaihyakka/syun/fruit/Cranberry/Cranberry07s.jpg,261
253,Speee253不動産,https://foodslink.jp/syokuzaihyakka/syun/fruit/Budou-page/budou-Kyoho10s.jpg,262
254,Speee254不動産,https://foodslink.jp/syokuzaihyakka/syun/fruit/akebi-page/akebi11s.jpg,263
255,Speee255不動産,https://foodslink.jp/syokuzaihyakka/syun/fruit/shikuwasa/shikuwasa04s.jpg,264
256,Speee256不動産,https://foodslink.jp/syokuzaihyakka/syun/fruit/starfruit/starfruit04s.jpg,265
257,Speee257不動産,https://foodslink.jp/syokuzaihyakka/syun/fruit/Papaya/PapayaGreen01s.jpg,266
258,Speee258不動産,https://foodslink.jp/syokuzaihyakka/syun/fruit/sumomo/sumomo-taiyo2s.jpg,267
259,Speee259不動産,https://foodslink.jp/syokuzaihyakka/syun/fruit/Figue-page/ichijiku-toyomituhime2s.jpg,268
260,Speee260不動産,https://foodslink.jp/syokuzaihyakka/syun/fruit/Cranberry/Cranberry07s.jpg,269
261,Speee261不動産,https://foodslink.jp/syokuzaihyakka/syun/fruit/Budou-page/budou-Kyoho10s.jpg,270
262,Speee262不動産,https://foodslink.jp/syokuzaihyakka/syun/fruit/akebi-page/akebi11s.jpg,271
263,Speee263不動産,https://foodslink.jp/syokuzaihyakka/syun/fruit/shikuwasa/shikuwasa04s.jpg,272
264,Speee264不動産,https://foodslink.jp/syokuzaihyakka/syun/fruit/starfruit/starfruit04s.jpg,273
265,Speee265不動産,https://foodslink.jp/syokuzaihyakka/syun/fruit/Papaya/PapayaGreen01s.jpg,274
266,Speee266不動産,https://foodslink.jp/syokuzaihyakka/syun/fruit/sumomo/sumomo-taiyo2s.jpg,275
267,Speee267不動産,https://foodslink.jp/syokuzaihyakka/syun/fruit/Figue-page/ichijiku-toyomituhime2s.jpg,276
268,Speee268不動産,https://foodslink.jp/syokuzaihyakka/syun/fruit/Cranberry/Cranberry07s.jpg,277
269,Speee269不動産,https://foodslink.jp/syokuzaihyakka/syun/fruit/Budou-page/budou-Kyoho10s.jpg,278
270,Speee270不動産,https://foodslink.jp/syokuzaihyakka/syun/fruit/akebi-page/akebi11s.jpg,279
271,Speee271不動産,https://foodslink.jp/syokuzaihyakka/syun/fruit/shikuwasa/shikuwasa04s.jpg,280
272,Speee272不動産,https://foodslink.jp/syokuzaihyakka/syun/fruit/starfruit/starfruit04s.jpg,281
273,Speee273不動産,https://foodslink.jp/syokuzaihyakka/syun/fruit/Papaya/PapayaGreen01s.jpg,282
274,Speee274不動産,https://foodslink.jp/syokuzaihyakka/syun/fruit/sumomo/sumomo-taiyo2s.jpg,283
275,Speee275不動産,https://foodslink.jp/syokuzaihyakka/syun/fruit/Figue-page/ichijiku-toyomituhime2s.jpg,284
276,Speee276不動産,https://foodslink.jp/syokuzaihyakka/syun/fruit/Cranberry/Cranberry07s.jpg,285
277,Speee277不動産,https://foodslink.jp/syokuzaihyakka/syun/fruit/Budou-page/budou-Kyoho10s.jpg,286
278,Speee278不動産,https://foodslink.jp/syokuzaihyakka/syun/fruit/akebi-page/akebi11s.jpg,287
279,Speee279不動産,https://foodslink.jp/syokuzaihyakka/syun/fruit/shikuwasa/shikuwasa04s.jpg,288
280,Speee280不動産,https://foodslink.jp/syokuzaihyakka/syun/fruit/starfruit/starfruit04s.jpg,289
281,Speee281不動産,https://foodslink.jp/syokuzaihyakka/syun/fruit/Papaya/PapayaGreen01s.jpg,290
282,Speee282不動産,https://foodslink.jp/syokuzaihyakka/syun/fruit/sumomo/sumomo-taiyo2s.jpg,291
283,Speee283不動産,https://foodslink.jp/syokuzaihyakka/syun/fruit/Figue-page/ichijiku-toyomituhime2s.jpg,292
284,Speee284不動産,https://foodslink.jp/syokuzaihyakka/syun/fruit/Cranberry/Cranberry07s.jpg,293
285,Speee285不動産,https://foodslink.jp/syokuzaihyakka/syun/fruit/Budou-page/budou-Kyoho10s.jpg,294
286,Speee286不動産,https://foodslink.jp/syokuzaihyakka/syun/fruit/akebi-page/akebi11s.jpg,295
287,Speee287不動産,https://foodslink.jp/syokuzaihyakka/syun/fruit/shikuwasa/shikuwasa04s.jpg,296
288,Speee288不動産,https://foodslink.jp/syokuzaihyakka/syun/fruit/starfruit/starfruit04s.jpg,297
289,Speee289不動産,https://foodslink.jp/syokuzaihyakka/syun/fruit/Papaya/PapayaGreen01s.jpg,298
290,Speee290不動産,https://foodslink.jp/syokuzaihyakka/syun/fruit/sumomo/sumomo-taiyo2s.jpg,299
291,Speee291不動産,https://foodslink.jp/syokuzaihyakka/syun/fruit/Figue-page/ichijiku-toyomituhime2s.jpg,300
292,Speee292不動産,https://foodslink.jp/syokuzaihyakka/syun/fruit/Cranberry/Cranberry07s.jpg,301
293,Speee293不動産,https://foodslink.jp/syokuzaihyakka/syun/fruit/Budou-page/budou-Kyoho10s.jpg,302
294,Speee294不動産,https://foodslink.jp/syokuzaihyakka/syun/fruit/akebi-page/akebi11s.jpg,303
295,Speee295不動産,https://foodslink.jp/syokuzaihyakka/syun/fruit/shikuwasa/shikuwasa04s.jpg,304
296,Speee296不動産,https://foodslink.jp/syokuzaihyakka/syun/fruit/starfruit/starfruit04s.jpg,305
297,Speee297不動産,https://foodslink.jp/syokuzaihyakka/syun/fruit/Papaya/PapayaGreen01s.jpg,306
298,Speee298不動産,https://foodslink.jp/syokuzaihyakka/syun/fruit/sumomo/sumomo-taiyo2s.jpg,307
299,Speee299不動産,https://foodslink.jp/syokuzaihyakka/syun/fruit/Figue-page/ichijiku-toyomituhime2s.jpg,308
300,Speee300不動産,https://foodslink.jp/syokuzaihyakka/syun/fruit/Cranberry/Cranberry07s.jpg,309
301,Speee301不動産,https://foodslink.jp/syokuzaihyakka/syun/fruit/Budou-page/budou-Kyoho10s.jpg,310
302,Speee302不動産,https://foodslink.jp/syokuzaihyakka/syun/fruit/akebi-page/akebi11s.jpg,311
303,Speee303不動産,https://foodslink.jp/syokuzaihyakka/syun/fruit/shikuwasa/shikuwasa04s.jpg,312
304,Speee304不動産,https://foodslink.jp/syokuzaihyakka/syun/fruit/starfruit/starfruit04s.jpg,313
305,Speee305不動産,https://foodslink.jp/syokuzaihyakka/syun/fruit/Papaya/PapayaGreen01s.jpg,314
306,Speee306不動産,https://foodslink.jp/syokuzaihyakka/syun/fruit/sumomo/sumomo-taiyo2s.jpg,315
307,Speee307不動産,https://foodslink.jp/syokuzaihyakka/syun/fruit/Figue-page/ichijiku-toyomituhime2s.jpg,316
308,Speee308不動産,https://foodslink.jp/syokuzaihyakka/syun/fruit/Cranberry/Cranberry07s.jpg,317
309,Speee309不動産,https://foodslink.jp/syokuzaihyakka/syun/fruit/Budou-page/budou-Kyoho10s.jpg,318
310,Speee310不動産,https://foodslink.jp/syokuzaihyakka/syun/fruit/akebi-page/akebi11s.jpg,319
311,Speee311不動産,https://foodslink.jp/syokuzaihyakka/syun/fruit/shikuwasa/shikuwasa04s.jpg,320
312,Speee312不動産,https://foodslink.jp/syokuzaihyakka/syun/fruit/starfruit/starfruit04s.jpg,321
313,Speee313不動産,https://foodslink.jp/syokuzaihyakka/syun/fruit/Papaya/PapayaGreen01s.jpg,322
314,Speee314不動産,https://foodslink.jp/syokuzaihyakka/syun/fruit/sumomo/sumomo-taiyo2s.jpg,323
315,Speee315不動産,https://foodslink.jp/syokuzaihyakka/syun/fruit/Figue-page/ichijiku-toyomituhime2s.jpg,324
316,Speee316不動産,https://foodslink.jp/syokuzaihyakka/syun/fruit/Cranberry/Cranberry07s.jpg,325
317,Speee317不動産,https://foodslink.jp/syokuzaihyakka/syun/fruit/Budou-page/budou-Kyoho10s.jpg,326
318,Speee318不動産,https://foodslink.jp/syokuzaihyakka/syun/fruit/akebi-page/akebi11s.jpg,327
319,Speee319不動産,https://foodslink.jp/syokuzaihyakka/syun/fruit/shikuwasa/shikuwasa04s.jpg,328
320,Speee320不動産,https://foodslink.jp/syokuzaihyakka/syun/fruit/starfruit/starfruit04s.jpg,329
321,Speee321不動産,https://foodslink.jp/syokuzaihyakka/syun/fruit/Papaya/PapayaGreen01s.jpg,330
322,Speee322不動産,https://foodslink.jp/syokuzaihyakka/syun/fruit/sumomo/sumomo-taiyo2s.jpg,331
323,Speee323不動産,https://foodslink.jp/syokuzaihyakka/syun/fruit/Figue-page/ichijiku-toyomituhime2s.jpg,332
324,Speee324不動産,https://foodslink.jp/syokuzaihyakka/syun/fruit/Cranberry/Cranberry07s.jpg,333
325,Speee325不動産,https://foodslink.jp/syokuzaihyakka/syun/fruit/Budou-page/budou-Kyoho10s.jpg,334
326,Speee326不動産,https://foodslink.jp/syokuzaihyakka/syun/fruit/akebi-page/akebi11s.jpg,335
327,Speee327不動産,https://foodslink.jp/syokuzaihyakka/syun/fruit/shikuwasa/shikuwasa04s.jpg,336
328,Speee328不動産,https://foodslink.jp/syokuzaihyakka/syun/fruit/starfruit/starfruit04s.jpg,337
329,Speee329不動産,https://foodslink.jp/syokuzaihyakka/syun/fruit/Papaya/PapayaGreen01s.jpg,338
330,Speee330不動産,https://foodslink.jp/syokuzaihyakka/syun/fruit/sumomo/sumomo-taiyo2s.jpg,339
331,Speee331不動産,https://foodslink.jp/syokuzaihyakka/syun/fruit/Figue-page/ichijiku-toyomituhime2s.jpg,340
332,Speee332不動産,https://foodslink.jp/syokuzaihyakka/syun/fruit/Cranberry/Cranberry07s.jpg,341
333,Speee333不動産,https://foodslink.jp/syokuzaihyakka/syun/fruit/Budou-page/budou-Kyoho10s.jpg,342
334,Speee334不動産,https://foodslink.jp/syokuzaihyakka/syun/fruit/akebi-page/akebi11s.jpg,343
335,Speee335不動産,https://foodslink.jp/syokuzaihyakka/syun/fruit/shikuwasa/shikuwasa04s.jpg,344
336,Speee336不動産,https://foodslink.jp/syokuzaihyakka/syun/fruit/starfruit/starfruit04s.jpg,345
337,Speee337不動産,https://foodslink.jp/syokuzaihyakka/syun/fruit/Papaya/PapayaGreen01s.jpg,346
338,Speee338不動産,https://foodslink.jp/syokuzaihyakka/syun/fruit/sumomo/sumomo-taiyo2s.jpg,347
339,Speee339不動産,https://foodslink.jp/syokuzaihyakka/syun/fruit/Figue-page/ichijiku-toyomituhime2s.jpg,348
340,Speee340不動産,https://foodslink.jp/syokuzaihyakka/syun/fruit/Cranberry/Cranberry07s.jpg,349
341,Speee341不動産,https://foodslink.jp/syokuzaihyakka/syun/fruit/Budou-page/budou-Kyoho10s.jpg,350
342,Speee342不動産,https://foodslink.jp/syokuzaihyakka/syun/fruit/akebi-page/akebi11s.jpg,351
343,Speee343不動産,https://foodslink.jp/syokuzaihyakka/syun/fruit/shikuwasa/shikuwasa04s.jpg,352
344,Speee344不動産,https://foodslink.jp/syokuzaihyakka/syun/fruit/starfruit/starfruit04s.jpg,353
345,Speee345不動産,https://foodslink.jp/syokuzaihyakka/syun/fruit/Papaya/PapayaGreen01s.jpg,354
346,Speee346不動産,https://foodslink.jp/syokuzaihyakka/syun/fruit/sumomo/sumomo-taiyo2s.jpg,355
347,Speee347不動産,https://foodslink.jp/syokuzaihyakka/syun/fruit/Figue-page/ichijiku-toyomituhime2s.jpg,356
348,Speee348不動産,https://foodslink.jp/syokuzaihyakka/syun/fruit/Cranberry/Cranberry07s.jpg,357
349,Speee349不動産,https://foodslink.jp/syokuzaihyakka/syun/fruit/Budou-page/budou-Kyoho10s.jpg,358
350,Speee350不動産,https://foodslink.jp/syokuzaihyakka/syun/fruit/akebi-page/akebi11s.jpg,359
351,Speee351不動産,https://foodslink.jp/syokuzaihyakka/syun/fruit/shikuwasa/shikuwasa04s.jpg,360
352,Speee352不動産,https://foodslink.jp/syokuzaihyakka/syun/fruit/starfruit/starfruit04s.jpg,361
353,Speee353不動産,https://foodslink.jp/syokuzaihyakka/syun/fruit/Papaya/PapayaGreen01s.jpg,362
354,Speee354不動産,https://foodslink.jp/syokuzaihyakka/syun/fruit/sumomo/sumomo-taiyo2s.jpg,363
355,Speee355不動産,https://foodslink.jp/syokuzaihyakka/syun/fruit/Figue-page/ichijiku-toyomituhime2s.jpg,364
356,Speee356不動産,https://foodslink.jp/syokuzaihyakka/syun/fruit/Cranberry/Cranberry07s.jpg,365
357,Speee357不動産,https://foodslink.jp/syokuzaihyakka/syun/fruit/Budou-page/budou-Kyoho10s.jpg,366
358,Speee358不動産,https://foodslink.jp/syokuzaihyakka/syun/fruit/akebi-page/akebi11s.jpg,367
359,Speee359不動産,https://foodslink.jp/syokuzaihyakka/syun/fruit/shikuwasa/shikuwasa04s.jpg,368
360,Speee360不動産,https://foodslink.jp/syokuzaihyakka/syun/fruit/starfruit/starfruit04s.jpg,369
361,Speee361不動産,https://foodslink.jp/syokuzaihyakka/syun/fruit/Papaya/PapayaGreen01s.jpg,370
362,Speee362不動産,https://foodslink.jp/syokuzaihyakka/syun/fruit/sumomo/sumomo-taiyo2s.jpg,371
363,Speee363不動産,https://foodslink.jp/syokuzaihyakka/syun/fruit/Figue-page/ichijiku-toyomituhime2s.jpg,372
364,Speee364不動産,https://foodslink.jp/syokuzaihyakka/syun/fruit/Cranberry/Cranberry07s.jpg,373
365,Speee365不動産,https://foodslink.jp/syokuzaihyakka/syun/fruit/Budou-page/budou-Kyoho10s.jpg,374
366,Speee366不動産,https://foodslink.jp/syokuzaihyakka/syun/fruit/akebi-page/akebi11s.jpg,375
367,Speee367不動産,https://foodslink.jp/syokuzaihyakka/syun/fruit/shikuwasa/shikuwasa04s.jpg,376
368,Speee368不動産,https://foodslink.jp/syokuzaihyakka/syun/fruit/starfruit/starfruit04s.jpg,377
369,Speee369不動産,https://foodslink.jp/syokuzaihyakka/syun/fruit/Papaya/PapayaGreen01s.jpg,378
370,Speee370不動産,https://foodslink.jp/syokuzaihyakka/syun/fruit/sumomo/sumomo-taiyo2s.jpg,379
371,Speee371不動産,https://foodslink.jp/syokuzaihyakka/syun/fruit/Figue-page/ichijiku-toyomituhime2s.jpg,380
372,Speee372不動産,https://foodslink.jp/syokuzaihyakka/syun/fruit/Cranberry/Cranberry07s.jpg,381
373,Speee373不動産,https://foodslink.jp/syokuzaihyakka/syun/fruit/Budou-page/budou-Kyoho10s.jpg,382
374,Speee374不動産,https://foodslink.jp/syokuzaihyakka/syun/fruit/akebi-page/akebi11s.jpg,383
375,Speee375不動産,https://foodslink.jp/syokuzaihyakka/syun/fruit/shikuwasa/shikuwasa04s.jpg,384
376,Speee376不動産,https://foodslink.jp/syokuzaihyakka/syun/fruit/starfruit/starfruit04s.jpg,385
377,Speee377不動産,https://foodslink.jp/syokuzaihyakka/syun/fruit/Papaya/PapayaGreen01s.jpg,386
378,Speee378不動産,https://foodslink.jp/syokuzaihyakka/syun/fruit/sumomo/sumomo-taiyo2s.jpg,387
379,Speee379不動産,https://foodslink.jp/syokuzaihyakka/syun/fruit/Figue-page/ichijiku-toyomituhime2s.jpg,388
380,Speee380不動産,https://foodslink.jp/syokuzaihyakka/syun/fruit/Cranberry/Cranberry07s.jpg,389
381,Speee381不動産,https://foodslink.jp/syokuzaihyakka/syun/fruit/Budou-page/budou-Kyoho10s.jpg,390
382,Speee382不動産,https://foodslink.jp/syokuzaihyakka/syun/fruit/akebi-page/akebi11s.jpg,391
383,Speee383不動産,https://foodslink.jp/syokuzaihyakka/syun/fruit/shikuwasa/shikuwasa04s.jpg,392
384,Speee384不動産,https://foodslink.jp/syokuzaihyakka/syun/fruit/starfruit/starfruit04s.jpg,393
385,Speee385不動産,https://foodslink.jp/syokuzaihyakka/syun/fruit/Papaya/PapayaGreen01s.jpg,394
386,Speee386不動産,https://foodslink.jp/syokuzaihyakka/syun/fruit/sumomo/sumomo-taiyo2s.jpg,395
387,Speee387不動産,https://foodslink.jp/syokuzaihyakka/syun/fruit/Figue-page/ichijiku-toyomituhime2s.jpg,396
388,Speee388不動産,https://foodslink.jp/syokuzaihyakka/syun/fruit/Cranberry/Cranberry07s.jpg,397
389,Speee389不動産,https://foodslink.jp/syokuzaihyakka/syun/fruit/Budou-page/budou-Kyoho10s.jpg,398
390,Speee390不動産,https://foodslink.jp/syokuzaihyakka/syun/fruit/akebi-page/akebi11s.jpg,399
391,Speee391不動産,https://foodslink.jp/syokuzaihyakka/syun/fruit/shikuwasa/shikuwasa04s.jpg,400
392,Speee392不動産,https://foodslink.jp/syokuzaihyakka/syun/fruit/starfruit/starfruit04s.jpg,401
393,Speee393不動産,https://foodslink.jp/syokuzaihyakka/syun/fruit/Papaya/PapayaGreen01s.jpg,402
394,Speee394不動産,https://foodslink.jp/syokuzaihyakka/syun/fruit/sumomo/sumomo-taiyo2s.jpg,403
395,Speee395不動産,https://foodslink.jp/syokuzaihyakka/syun/fruit/Figue-page/ichijiku-toyomituhime2s.jpg,404
396,Speee396不動産,https://foodslink.jp/syokuzaihyakka/syun/fruit/Cranberry/Cranberry07s.jpg,405
397,Speee397不動産,https://foodslink.jp/syokuzaihyakka/syun/fruit/Budou-page/budou-Kyoho10s.jpg,406
398,Speee398不動産,https://foodslink.jp/syokuzaihyakka/syun/fruit/akebi-page/akebi11s.jpg,407
399,Speee399不動産,https://foodslink.jp/syokuzaihyakka/syun/fruit/shikuwasa/shikuwasa04s.jpg,408
400,Speee400不動産,https://foodslink.jp/syokuzaihyakka/syun/fruit/starfruit/starfruit04s.jpg,409
401,Speee401不動産,https://foodslink.jp/syokuzaihyakka/syun/fruit/Papaya/PapayaGreen01s.jpg,410
402,Speee402不動産,https://foodslink.jp/syokuzaihyakka/syun/fruit/sumomo/sumomo-taiyo2s.jpg,411
403,Speee403不動産,https://foodslink.jp/syokuzaihyakka/syun/fruit/Figue-page/ichijiku-toyomituhime2s.jpg,412
404,Speee404不動産,https://foodslink.jp/syokuzaihyakka/syun/fruit/Cranberry/Cranberry07s.jpg,413
405,Speee405不動産,https://foodslink.jp/syokuzaihyakka/syun/fruit/Budou-page/budou-Kyoho10s.jpg,414
406,Speee406不動産,https://foodslink.jp/syokuzaihyakka/syun/fruit/akebi-page/akebi11s.jpg,415
407,Speee407不動産,https://foodslink.jp/syokuzaihyakka/syun/fruit/shikuwasa/shikuwasa04s.jpg,416
408,Speee408不動産,https://foodslink.jp/syokuzaihyakka/syun/fruit/starfruit/starfruit04s.jpg,417
409,Speee409不動産,https://foodslink.jp/syokuzaihyakka/syun/fruit/Papaya/PapayaGreen01s.jpg,418
410,Speee410不動産,https://foodslink.jp/syokuzaihyakka/syun/fruit/sumomo/sumomo-taiyo2s.jpg,419
411,Speee411不動産,https://foodslink.jp/syokuzaihyakka/syun/fruit/Figue-page/ichijiku-toyomituhime2s.jpg,420
412,Speee412不動産,https://foodslink.jp/syokuzaihyakka/syun/fruit/Cranberry/Cranberry07s.jpg,421
413,Speee413不動産,https://foodslink.jp/syokuzaihyakka/syun/fruit/Budou-page/budou-Kyoho10s.jpg,422
414,Speee414不動産,https://foodslink.jp/syokuzaihyakka/syun/fruit/akebi-page/akebi11s.jpg,423
415,Speee415不動産,https://foodslink.jp/syokuzaihyakka/syun/fruit/shikuwasa/shikuwasa04s.jpg,424
416,Speee416不動産,https://foodslink.jp/syokuzaihyakka/syun/fruit/starfruit/starfruit04s.jpg,425
417,Speee417不動産,https://foodslink.jp/syokuzaihyakka/syun/fruit/Papaya/PapayaGreen01s.jpg,426
418,Speee418不動産,https://foodslink.jp/syokuzaihyakka/syun/fruit/sumomo/sumomo-taiyo2s.jpg,427
419,Speee419不動産,https://foodslink.jp/syokuzaihyakka/syun/fruit/Figue-page/ichijiku-toyomituhime2s.jpg,428
420,Speee420不動産,https://foodslink.jp/syokuzaihyakka/syun/fruit/Cranberry/Cranberry07s.jpg,429
421,Speee421不動産,https://foodslink.jp/syokuzaihyakka/syun/fruit/Budou-page/budou-Kyoho10s.jpg,430
422,Speee422不動産,https://foodslink.jp/syokuzaihyakka/syun/fruit/akebi-page/akebi11s.jpg,431
423,Speee423不動産,https://foodslink.jp/syokuzaihyakka/syun/fruit/shikuwasa/shikuwasa04s.jpg,432
424,Speee424不動産,https://foodslink.jp/syokuzaihyakka/syun/fruit/starfruit/starfruit04s.jpg,433
425,Speee425不動産,https://foodslink.jp/syokuzaihyakka/syun/fruit/Papaya/PapayaGreen01s.jpg,434
426,Speee426不動産,https://foodslink.jp/syokuzaihyakka/syun/fruit/sumomo/sumomo-taiyo2s.jpg,435
427,Speee427不動産,https://foodslink.jp/syokuzaihyakka/syun/fruit/Figue-page/ichijiku-toyomituhime2s.jpg,436
428,Speee428不動産,https://foodslink.jp/syokuzaihyakka/syun/fruit/Cranberry/Cranberry07s.jpg,437
429,Speee429不動産,https://foodslink.jp/syokuzaihyakka/syun/fruit/Budou-page/budou-Kyoho10s.jpg,438
430,Speee430不動産,https://foodslink.jp/syokuzaihyakka/syun/fruit/akebi-page/akebi11s.jpg,439
431,Speee431不動産,https://foodslink.jp/syokuzaihyakka/syun/fruit/shikuwasa/shikuwasa04s.jpg,440
432,Speee432不動産,https://foodslink.jp/syokuzaihyakka/syun/fruit/starfruit/starfruit04s.jpg,441
433,Speee433不動産,https://foodslink.jp/syokuzaihyakka/syun/fruit/Papaya/PapayaGreen01s.jpg,442
434,Speee434不動産,https://foodslink.jp/syokuzaihyakka/syun/fruit/sumomo/sumomo-taiyo2s.jpg,443
435,Speee435不動産,https://foodslink.jp/syokuzaihyakka/syun/fruit/Figue-page/ichijiku-toyomituhime2s.jpg,444
436,Speee436不動産,https://foodslink.jp/syokuzaihyakka/syun/fruit/Cranberry/Cranberry07s.jpg,445
437,Speee437不動産,https://foodslink.jp/syokuzaihyakka/syun/fruit/Budou-page/budou-Kyoho10s.jpg,446
438,Speee438不動産,https://foodslink.jp/syokuzaihyakka/syun/fruit/akebi-page/akebi11s.jpg,447
439,Speee439不動産,https://foodslink.jp/syokuzaihyakka/syun/fruit/shikuwasa/shikuwasa04s.jpg,448
440,Speee440不動産,https://foodslink.jp/syokuzaihyakka/syun/fruit/starfruit/starfruit04s.jpg,449
441,Speee441不動産,https://foodslink.jp/syokuzaihyakka/syun/fruit/Papaya/PapayaGreen01s.jpg,450
442,Speee442不動産,https://foodslink.jp/syokuzaihyakka/syun/fruit/sumomo/sumomo-taiyo2s.jpg,451
443,Speee443不動産,https://foodslink.jp/syokuzaihyakka/syun/fruit/Figue-page/ichijiku-toyomituhime2s.jpg,452
444,Speee444不動産,https://foodslink.jp/syokuzaihyakka/syun/fruit/Cranberry/Cranberry07s.jpg,453
445,Speee445不動産,https://foodslink.jp/syokuzaihyakka/syun/fruit/Budou-page/budou-Kyoho10s.jpg,454
446,Speee446不動産,https://foodslink.jp/syokuzaihyakka/syun/fruit/akebi-page/akebi11s.jpg,455
447,Speee447不動産,https://foodslink.jp/syokuzaihyakka/syun/fruit/shikuwasa/shikuwasa04s.jpg,456
448,Speee448不動産,https://foodslink.jp/syokuzaihyakka/syun/fruit/starfruit/starfruit04s.jpg,457
449,Speee449不動産,https://foodslink.jp/syokuzaihyakka/syun/fruit/Papaya/PapayaGreen01s.jpg,458
450,Speee450不動産,https://foodslink.jp/syokuzaihyakka/syun/fruit/sumomo/sumomo-taiyo2s.jpg,459
451,Speee451不動産,https://foodslink.jp/syokuzaihyakka/syun/fruit/Figue-page/ichijiku-toyomituhime2s.jpg,460
452,Speee452不動産,https://foodslink.jp/syokuzaihyakka/syun/fruit/Cranberry/Cranberry07s.jpg,461
453,Speee453不動産,https://foodslink.jp/syokuzaihyakka/syun/fruit/Budou-page/budou-Kyoho10s.jpg,462
454,Speee454不動産,https://foodslink.jp/syokuzaihyakka/syun/fruit/akebi-page/akebi11s.jpg,463
455,Speee455不動産,https://foodslink.jp/syokuzaihyakka/syun/fruit/shikuwasa/shikuwasa04s.jpg,464
456,Speee456不動産,https://foodslink.jp/syokuzaihyakka/syun/fruit/starfruit/starfruit04s.jpg,465
457,Speee457不動産,https://foodslink.jp/syokuzaihyakka/syun/fruit/Papaya/PapayaGreen01s.jpg,466
458,Speee458不動産,https://foodslink.jp/syokuzaihyakka/syun/fruit/sumomo/sumomo-taiyo2s.jpg,467
459,Speee459不動産,https://foodslink.jp/syokuzaihyakka/syun/fruit/Figue-page/ichijiku-toyomituhime2s.jpg,468
460,Speee460不動産,https://foodslink.jp/syokuzaihyakka/syun/fruit/Cranberry/Cranberry07s.jpg,469
461,Speee461不動産,https://foodslink.jp/syokuzaihyakka/syun/fruit/Budou-page/budou-Kyoho10s.jpg,470
462,Speee462不動産,https://foodslink.jp/syokuzaihyakka/syun/fruit/akebi-page/akebi11s.jpg,471
463,Speee463不動産,https://foodslink.jp/syokuzaihyakka/syun/fruit/shikuwasa/shikuwasa04s.jpg,472
464,Speee464不動産,https://foodslink.jp/syokuzaihyakka/syun/fruit/starfruit/starfruit04s.jpg,473
465,Speee465不動産,https://foodslink.jp/syokuzaihyakka/syun/fruit/Papaya/PapayaGreen01s.jpg,474
466,Speee466不動産,https://foodslink.jp/syokuzaihyakka/syun/fruit/sumomo/sumomo-taiyo2s.jpg,475
467,Speee467不動産,https://foodslink.jp/syokuzaihyakka/syun/fruit/Figue-page/ichijiku-toyomituhime2s.jpg,476
468,Speee468不動産,https://foodslink.jp/syokuzaihyakka/syun/fruit/Cranberry/Cranberry07s.jpg,477
469,Speee469不動産,https://foodslink.jp/syokuzaihyakka/syun/fruit/Budou-page/budou-Kyoho10s.jpg,478
470,Speee470不動産,https://foodslink.jp/syokuzaihyakka/syun/fruit/akebi-page/akebi11s.jpg,479
471,Speee471不動産,https://foodslink.jp/syokuzaihyakka/syun/fruit/shikuwasa/shikuwasa04s.jpg,480
472,Speee472不動産,https://foodslink.jp/syokuzaihyakka/syun/fruit/starfruit/starfruit04s.jpg,481
473,Speee473不動産,https://foodslink.jp/syokuzaihyakka/syun/fruit/Papaya/PapayaGreen01s.jpg,482
474,Speee474不動産,https://foodslink.jp/syokuzaihyakka/syun/fruit/sumomo/sumomo-taiyo2s.jpg,483
475,Speee475不動産,https://foodslink.jp/syokuzaihyakka/syun/fruit/Figue-page/ichijiku-toyomituhime2s.jpg,484
476,Speee476不動産,https://foodslink.jp/syokuzaihyakka/syun/fruit/Cranberry/Cranberry07s.jpg,485
477,Speee477不動産,https://foodslink.jp/syokuzaihyakka/syun/fruit/Budou-page/budou-Kyoho10s.jpg,486
478,Speee478不動産,https://foodslink.jp/syokuzaihyakka/syun/fruit/akebi-page/akebi11s.jpg,487
479,Speee479不動産,https://foodslink.jp/syokuzaihyakka/syun/fruit/shikuwasa/shikuwasa04s.jpg,488
480,Speee480不動産,https://foodslink.jp/syokuzaihyakka/syun/fruit/starfruit/starfruit04s.jpg,489
481,Speee481不動産,https://foodslink.jp/syokuzaihyakka/syun/fruit/Papaya/PapayaGreen01s.jpg,490
482,Speee482不動産,https://foodslink.jp/syokuzaihyakka/syun/fruit/sumomo/sumomo-taiyo2s.jpg,491
483,Speee483不動産,https://foodslink.jp/syokuzaihyakka/syun/fruit/Figue-page/ichijiku-toyomituhime2s.jpg,492
484,Speee484不動産,https://foodslink.jp/syokuzaihyakka/syun/fruit/Cranberry/Cranberry07s.jpg,493
485,Speee485不動産,https://foodslink.jp/syokuzaihyakka/syun/fruit/Budou-page/budou-Kyoho10s.jpg,494
486,Speee486不動産,https://foodslink.jp/syokuzaihyakka/syun/fruit/akebi-page/akebi11s.jpg,495
487,Speee487不動産,https://foodslink.jp/syokuzaihyakka/syun/fruit/shikuwasa/shikuwasa04s.jpg,496
488,Speee488不動産,https://foodslink.jp/syokuzaihyakka/syun/fruit/starfruit/starfruit04s.jpg,497
489,Speee489不動産,https://foodslink.jp/syokuzaihyakka/syun/fruit/Papaya/PapayaGreen01s.jpg,498
490,Speee490不動産,https://foodslink.jp/syokuzaihyakka/syun/fruit/sumomo/sumomo-taiyo2s.jpg,499
491,Speee491不動産,https://foodslink.jp/syokuzaihyakka/syun/fruit/Figue-page/ichijiku-toyomituhime2s.jpg,500
492,Speee492不動産,https://foodslink.jp/syokuzaihyakka/syun/fruit/Cranberry/Cranberry07s.jpg,501
493,Speee493不動産,https://foodslink.jp/syokuzaihyakka/syun/fruit/Budou-page/budou-Kyoho10s.jpg,502
494,Speee494不動産,https://foodslink.jp/syokuzaihyakka/syun/fruit/akebi-page/akebi11s.jpg,503
495,Speee495不動産,https://foodslink.jp/syokuzaihyakka/syun/fruit/shikuwasa/shikuwasa04s.jpg,504
496,Speee496不動産,https://foodslink.jp/syokuzaihyakka/syun/fruit/starfruit/starfruit04s.jpg,505
497,Speee497不動産,https://foodslink.jp/syokuzaihyakka/syun/fruit/Papaya/PapayaGreen01s.jpg,506
498,Speee498不動産,https://foodslink.jp/syokuzaihyakka/syun/fruit/sumomo/sumomo-taiyo2s.jpg,507
499,Speee499不動産,https://foodslink.jp/syokuzaihyakka/syun/fruit/Figue-page/ichijiku-toyomituhime2s.jpg,508
500,Speee500不動産,https://foodslink.jp/syokuzaihyakka/syun/fruit/Cranberry/Cranberry07s.jpg,509
501,Speee501不動産,https://foodslink.jp/syokuzaihyakka/syun/fruit/Budou-page/budou-Kyoho10s.jpg,510
502,Speee502不動産,https://foodslink.jp/syokuzaihyakka/syun/fruit/akebi-page/akebi11s.jpg,511
503,Speee503不動産,https://foodslink.jp/syokuzaihyakka/syun/fruit/shikuwasa/shikuwasa04s.jpg,512
504,Speee504不動産,https://foodslink.jp/syokuzaihyakka/syun/fruit/starfruit/starfruit04s.jpg,513
505,Speee505不動産,https://foodslink.jp/syokuzaihyakka/syun/fruit/Papaya/PapayaGreen01s.jpg,514
506,Speee506不動産,https://foodslink.jp/syokuzaihyakka/syun/fruit/sumomo/sumomo-taiyo2s.jpg,515
507,Speee507不動産,https://foodslink.jp/syokuzaihyakka/syun/fruit/Figue-page/ichijiku-toyomituhime2s.jpg,516
508,Speee508不動産,https://foodslink.jp/syokuzaihyakka/syun/fruit/Cranberry/Cranberry07s.jpg,517
509,Speee509不動産,https://foodslink.jp/syokuzaihyakka/syun/fruit/Budou-page/budou-Kyoho10s.jpg,518
510,Speee510不動産,https://foodslink.jp/syokuzaihyakka/syun/fruit/akebi-page/akebi11s.jpg,519
511,Speee511不動産,https://foodslink.jp/syokuzaihyakka/syun/fruit/shikuwasa/shikuwasa04s.jpg,520
512,Speee512不動産,https://foodslink.jp/syokuzaihyakka/syun/fruit/starfruit/starfruit04s.jpg,521
513,Speee513不動産,https://foodslink.jp/syokuzaihyakka/syun/fruit/Papaya/PapayaGreen01s.jpg,522
514,Speee514不動産,https://foodslink.jp/syokuzaihyakka/syun/fruit/sumomo/sumomo-taiyo2s.jpg,523
515,Speee515不動産,https://foodslink.jp/syokuzaihyakka/syun/fruit/Figue-page/ichijiku-toyomituhime2s.jpg,524
516,Speee516不動産,https://foodslink.jp/syokuzaihyakka/syun/fruit/Cranberry/Cranberry07s.jpg,525
517,Speee517不動産,https://foodslink.jp/syokuzaihyakka/syun/fruit/Budou-page/budou-Kyoho10s.jpg,526
518,Speee518不動産,https://foodslink.jp/syokuzaihyakka/syun/fruit/akebi-page/akebi11s.jpg,527
519,Speee519不動産,https://foodslink.jp/syokuzaihyakka/syun/fruit/shikuwasa/shikuwasa04s.jpg,528
520,Speee520不動産,https://foodslink.jp/syokuzaihyakka/syun/fruit/starfruit/starfruit04s.jpg,529
521,Speee521不動産,https://foodslink.jp/syokuzaihyakka/syun/fruit/Papaya/PapayaGreen01s.jpg,530
522,Speee522不動産,https://foodslink.jp/syokuzaihyakka/syun/fruit/sumomo/sumomo-taiyo2s.jpg,531
523,Speee523不動産,https://foodslink.jp/syokuzaihyakka/syun/fruit/Figue-page/ichijiku-toyomituhime2s.jpg,532
524,Speee524不動産,https://foodslink.jp/syokuzaihyakka/syun/fruit/Cranberry/Cranberry07s.jpg,533
525,Speee525不動産,https://foodslink.jp/syokuzaihyakka/syun/fruit/Budou-page/budou-Kyoho10s.jpg,534
526,Speee526不動産,https://foodslink.jp/syokuzaihyakka/syun/fruit/akebi-page/akebi11s.jpg,535
527,Speee527不動産,https://foodslink.jp/syokuzaihyakka/syun/fruit/shikuwasa/shikuwasa04s.jpg,536
528,Speee528不動産,https://foodslink.jp/syokuzaihyakka/syun/fruit/starfruit/starfruit04s.jpg,537
529,Speee529不動産,https://foodslink.jp/syokuzaihyakka/syun/fruit/Papaya/PapayaGreen01s.jpg,538
530,Speee530不動産,https://foodslink.jp/syokuzaihyakka/syun/fruit/sumomo/sumomo-taiyo2s.jpg,539
531,Speee531不動産,https://foodslink.jp/syokuzaihyakka/syun/fruit/Figue-page/ichijiku-toyomituhime2s.jpg,540
532,Speee532不動産,https://foodslink.jp/syokuzaihyakka/syun/fruit/Cranberry/Cranberry07s.jpg,541
533,Speee533不動産,https://foodslink.jp/syokuzaihyakka/syun/fruit/Budou-page/budou-Kyoho10s.jpg,542
534,Speee534不動産,https://foodslink.jp/syokuzaihyakka/syun/fruit/akebi-page/akebi11s.jpg,543
535,Speee535不動産,https://foodslink.jp/syokuzaihyakka/syun/fruit/shikuwasa/shikuwasa04s.jpg,544
536,Speee536不動産,https://foodslink.jp/syokuzaihyakka/syun/fruit/starfruit/starfruit04s.jpg,545
537,Speee537不動産,https://foodslink.jp/syokuzaihyakka/syun/fruit/Papaya/PapayaGreen01s.jpg,546
538,Speee538不動産,https://foodslink.jp/syokuzaihyakka/syun/fruit/sumomo/sumomo-taiyo2s.jpg,547
539,Speee539不動産,https://foodslink.jp/syokuzaihyakka/syun/fruit/Figue-page/ichijiku-toyomituhime2s.jpg,548
540,Speee540不動産,https://foodslink.jp/syokuzaihyakka/syun/fruit/Cranberry/Cranberry07s.jpg,549
541,Speee541不動産,https://foodslink.jp/syokuzaihyakka/syun/fruit/Budou-page/budou-Kyoho10s.jpg,550
542,Speee542不動産,https://foodslink.jp/syokuzaihyakka/syun/fruit/akebi-page/akebi11s.jpg,551
543,Speee543不動産,https://foodslink.jp/syokuzaihyakka/syun/fruit/shikuwasa/shikuwasa04s.jpg,552
544,Speee544不動産,https://foodslink.jp/syokuzaihyakka/syun/fruit/starfruit/starfruit04s.jpg,553
545,Speee545不動産,https://foodslink.jp/syokuzaihyakka/syun/fruit/Papaya/PapayaGreen01s.jpg,554
546,Speee547不動産,https://foodslink.jp/syokuzaihyakka/syun/fruit/Figue-page/ichijiku-toyomituhime2s.jpg,556
547,Speee548不動産,https://foodslink.jp/syokuzaihyakka/syun/fruit/Cranberry/Cranberry07s.jpg,557
548,Speee549不動産,https://foodslink.jp/syokuzaihyakka/syun/fruit/Budou-page/budou-Kyoho10s.jpg,558
549,Speee550不動産,https://foodslink.jp/syokuzaihyakka/syun/fruit/akebi-page/akebi11s.jpg,559
550,Speee551不動産,https://foodslink.jp/syokuzaihyakka/syun/fruit/shikuwasa/shikuwasa04s.jpg,560
551,Speee552不動産,https://foodslink.jp/syokuzaihyakka/syun/fruit/starfruit/starfruit04s.jpg,561
552,Speee553不動産,https://foodslink.jp/syokuzaihyakka/syun/fruit/Papaya/PapayaGreen01s.jpg,562
553,Speee554不動産,https://foodslink.jp/syokuzaihyakka/syun/fruit/sumomo/sumomo-taiyo2s.jpg,563
554,Speee555不動産,https://foodslink.jp/syokuzaihyakka/syun/fruit/Figue-page/ichijiku-toyomituhime2s.jpg,564
555,Speee556不動産,https://foodslink.jp/syokuzaihyakka/syun/fruit/Cranberry/Cranberry07s.jpg,565
556,Speee557不動産,https://foodslink.jp/syokuzaihyakka/syun/fruit/Budou-page/budou-Kyoho10s.jpg,566
557,Speee558不動産,https://foodslink.jp/syokuzaihyakka/syun/fruit/akebi-page/akebi11s.jpg,567
558,Speee559不動産,https://foodslink.jp/syokuzaihyakka/syun/fruit/shikuwasa/shikuwasa04s.jpg,568
559,Speee560不動産,https://foodslink.jp/syokuzaihyakka/syun/fruit/starfruit/starfruit04s.jpg,569
560,Speee561不動産,https://foodslink.jp/syokuzaihyakka/syun/fruit/Papaya/PapayaGreen01s.jpg,570
561,Speee562不動産,https://foodslink.jp/syokuzaihyakka/syun/fruit/sumomo/sumomo-taiyo2s.jpg,571
562,Speee563不動産,https://foodslink.jp/syokuzaihyakka/syun/fruit/Figue-page/ichijiku-toyomituhime2s.jpg,572
563,Speee564不動産,https://foodslink.jp/syokuzaihyakka/syun/fruit/Cranberry/Cranberry07s.jpg,573
564,Speee565不動産,https://foodslink.jp/syokuzaihyakka/syun/fruit/Budou-page/budou-Kyoho10s.jpg,574
565,Speee566不動産,https://foodslink.jp/syokuzaihyakka/syun/fruit/akebi-page/akebi11s.jpg,575
566,Speee567不動産,https://foodslink.jp/syokuzaihyakka/syun/fruit/shikuwasa/shikuwasa04s.jpg,576
567,Speee568不動産,https://foodslink.jp/syokuzaihyakka/syun/fruit/starfruit/starfruit04s.jpg,577
568,Speee569不動産,https://foodslink.jp/syokuzaihyakka/syun/fruit/Papaya/PapayaGreen01s.jpg,578
569,Speee570不動産,https://foodslink.jp/syokuzaihyakka/syun/fruit/sumomo/sumomo-taiyo2s.jpg,579
570,Speee571不動産,https://foodslink.jp/syokuzaihyakka/syun/fruit/Figue-page/ichijiku-toyomituhime2s.jpg,580
571,Speee572不動産,https://foodslink.jp/syokuzaihyakka/syun/fruit/Cranberry/Cranberry07s.jpg,581
572,Speee573不動産,https://foodslink.jp/syokuzaihyakka/syun/fruit/Budou-page/budou-Kyoho10s.jpg,582
573,Speee574不動産,https://foodslink.jp/syokuzaihyakka/syun/fruit/akebi-page/akebi11s.jpg,583
574,Speee575不動産,https://foodslink.jp/syokuzaihyakka/syun/fruit/shikuwasa/shikuwasa04s.jpg,584
575,Speee576不動産,https://foodslink.jp/syokuzaihyakka/syun/fruit/starfruit/starfruit04s.jpg,585
576,Speee577不動産,https://foodslink.jp/syokuzaihyakka/syun/fruit/Papaya/PapayaGreen01s.jpg,586
577,Speee578不動産,https://foodslink.jp/syokuzaihyakka/syun/fruit/sumomo/sumomo-taiyo2s.jpg,587
578,Speee579不動産,https://foodslink.jp/syokuzaihyakka/syun/fruit/Figue-page/ichijiku-toyomituhime2s.jpg,588
579,Speee580不動産,https://foodslink.jp/syokuzaihyakka/syun/fruit/Cranberry/Cranberry07s.jpg,589
580,Speee581不動産,https://foodslink.jp/syokuzaihyakka/syun/fruit/Budou-page/budou-Kyoho10s.jpg,590
581,Speee582不動産,https://foodslink.jp/syokuzaihyakka/syun/fruit/akebi-page/akebi11s.jpg,591
582,Speee583不動産,https://foodslink.jp/syokuzaihyakka/syun/fruit/shikuwasa/shikuwasa04s.jpg,592
583,Speee584不動産,https://foodslink.jp/syokuzaihyakka/syun/fruit/starfruit/starfruit04s.jpg,593
584,Speee585不動産,https://foodslink.jp/syokuzaihyakka/syun/fruit/Papaya/PapayaGreen01s.jpg,594
585,Speee586不動産,https://foodslink.jp/syokuzaihyakka/syun/fruit/sumomo/sumomo-taiyo2s.jpg,595
586,Speee587不動産,https://foodslink.jp/syokuzaihyakka/syun/fruit/Figue-page/ichijiku-toyomituhime2s.jpg,596
587,Speee588不動産,https://foodslink.jp/syokuzaihyakka/syun/fruit/Cranberry/Cranberry07s.jpg,597
588,Speee589不動産,https://foodslink.jp/syokuzaihyakka/syun/fruit/Budou-page/budou-Kyoho10s.jpg,598
589,Speee590不動産,https://foodslink.jp/syokuzaihyakka/syun/fruit/akebi-page/akebi11s.jpg,599
590,Speee591不動産,https://foodslink.jp/syokuzaihyakka/syun/fruit/shikuwasa/shikuwasa04s.jpg,600
591,Speee592不動産,https://foodslink.jp/syokuzaihyakka/syun/fruit/starfruit/starfruit04s.jpg,601
592,Speee593不動産,https://foodslink.jp/syokuzaihyakka/syun/fruit/Papaya/PapayaGreen01s.jpg,602
593,Speee594不動産,https://foodslink.jp/syokuzaihyakka/syun/fruit/sumomo/sumomo-taiyo2s.jpg,603
594,Speee595不動産,https://foodslink.jp/syokuzaihyakka/syun/fruit/Figue-page/ichijiku-toyomituhime2s.jpg,604
595,Speee596不動産,https://foodslink.jp/syokuzaihyakka/syun/fruit/Cranberry/Cranberry07s.jpg,605
596,Speee597不動産,https://foodslink.jp/syokuzaihyakka/syun/fruit/Budou-page/budou-Kyoho10s.jpg,606
597,Speee598不動産,https://foodslink.jp/syokuzaihyakka/syun/fruit/akebi-page/akebi11s.jpg,607
598,Speee599不動産,https://foodslink.jp/syokuzaihyakka/syun/fruit/shikuwasa/shikuwasa04s.jpg,608
599,Speee600不動産,https://foodslink.jp/syokuzaihyakka/syun/fruit/starfruit/starfruit04s.jpg,609
600,Speee601不動産,https://foodslink.jp/syokuzaihyakka/syun/fruit/Papaya/PapayaGreen01s.jpg,610
601,Speee602不動産,https://foodslink.jp/syokuzaihyakka/syun/fruit/sumomo/sumomo-taiyo2s.jpg,611
602,Speee603不動産,https://foodslink.jp/syokuzaihyakka/syun/fruit/Figue-page/ichijiku-toyomituhime2s.jpg,612
603,Speee604不動産,https://foodslink.jp/syokuzaihyakka/syun/fruit/Cranberry/Cranberry07s.jpg,613
604,Speee605不動産,https://foodslink.jp/syokuzaihyakka/syun/fruit/Budou-page/budou-Kyoho10s.jpg,614
605,Speee606不動産,https://foodslink.jp/syokuzaihyakka/syun/fruit/akebi-page/akebi11s.jpg,615
606,Speee607不動産,https://foodslink.jp/syokuzaihyakka/syun/fruit/shikuwasa/shikuwasa04s.jpg,616
607,Speee608不動産,https://foodslink.jp/syokuzaihyakka/syun/fruit/starfruit/starfruit04s.jpg,617
608,Speee609不動産,https://foodslink.jp/syokuzaihyakka/syun/fruit/Papaya/PapayaGreen01s.jpg,618
609,Speee610不動産,https://foodslink.jp/syokuzaihyakka/syun/fruit/sumomo/sumomo-taiyo2s.jpg,619
610,Speee611不動産,https://foodslink.jp/syokuzaihyakka/syun/fruit/Figue-page/ichijiku-toyomituhime2s.jpg,620
611,Speee612不動産,https://foodslink.jp/syokuzaihyakka/syun/fruit/Cranberry/Cranberry07s.jpg,621
612,Speee613不動産,https://foodslink.jp/syokuzaihyakka/syun/fruit/Budou-page/budou-Kyoho10s.jpg,622
613,Speee614不動産,https://foodslink.jp/syokuzaihyakka/syun/fruit/akebi-page/akebi11s.jpg,623
614,Speee615不動産,https://foodslink.jp/syokuzaihyakka/syun/fruit/shikuwasa/shikuwasa04s.jpg,624
615,Speee616不動産,https://foodslink.jp/syokuzaihyakka/syun/fruit/starfruit/starfruit04s.jpg,625
616,Speee617不動産,https://foodslink.jp/syokuzaihyakka/syun/fruit/Papaya/PapayaGreen01s.jpg,626
617,Speee618不動産,https://foodslink.jp/syokuzaihyakka/syun/fruit/sumomo/sumomo-taiyo2s.jpg,627
618,Speee619不動産,https://foodslink.jp/syokuzaihyakka/syun/fruit/Figue-page/ichijiku-toyomituhime2s.jpg,628
619,Speee620不動産,https://foodslink.jp/syokuzaihyakka/syun/fruit/Cranberry/Cranberry07s.jpg,629
620,Speee621不動産,https://foodslink.jp/syokuzaihyakka/syun/fruit/Budou-page/budou-Kyoho10s.jpg,630
621,Speee622不動産,https://foodslink.jp/syokuzaihyakka/syun/fruit/akebi-page/akebi11s.jpg,631
622,Speee623不動産,https://foodslink.jp/syokuzaihyakka/syun/fruit/shikuwasa/shikuwasa04s.jpg,632
623,Speee624不動産,https://foodslink.jp/syokuzaihyakka/syun/fruit/starfruit/starfruit04s.jpg,633
624,Speee625不動産,https://foodslink.jp/syokuzaihyakka/syun/fruit/Papaya/PapayaGreen01s.jpg,634
625,Speee626不動産,https://foodslink.jp/syokuzaihyakka/syun/fruit/sumomo/sumomo-taiyo2s.jpg,635
626,Speee627不動産,https://foodslink.jp/syokuzaihyakka/syun/fruit/Figue-page/ichijiku-toyomituhime2s.jpg,636
627,Speee628不動産,https://foodslink.jp/syokuzaihyakka/syun/fruit/Cranberry/Cranberry07s.jpg,637
628,Speee629不動産,https://foodslink.jp/syokuzaihyakka/syun/fruit/Budou-page/budou-Kyoho10s.jpg,638
629,Speee630不動産,https://foodslink.jp/syokuzaihyakka/syun/fruit/akebi-page/akebi11s.jpg,639
630,Speee631不動産,https://foodslink.jp/syokuzaihyakka/syun/fruit/shikuwasa/shikuwasa04s.jpg,640
631,Speee632不動産,https://foodslink.jp/syokuzaihyakka/syun/fruit/starfruit/starfruit04s.jpg,641
632,Speee633不動産,https://foodslink.jp/syokuzaihyakka/syun/fruit/Papaya/PapayaGreen01s.jpg,642
633,Speee634不動産,https://foodslink.jp/syokuzaihyakka/syun/fruit/sumomo/sumomo-taiyo2s.jpg,643
634,Speee635不動産,https://foodslink.jp/syokuzaihyakka/syun/fruit/Figue-page/ichijiku-toyomituhime2s.jpg,644
635,Speee636不動産,https://foodslink.jp/syokuzaihyakka/syun/fruit/Cranberry/Cranberry07s.jpg,645
636,Speee637不動産,https://foodslink.jp/syokuzaihyakka/syun/fruit/Budou-page/budou-Kyoho10s.jpg,646
637,Speee638不動産,https://foodslink.jp/syokuzaihyakka/syun/fruit/akebi-page/akebi11s.jpg,647
638,Speee639不動産,https://foodslink.jp/syokuzaihyakka/syun/fruit/shikuwasa/shikuwasa04s.jpg,648
639,Speee640不動産,https://foodslink.jp/syokuzaihyakka/syun/fruit/starfruit/starfruit04s.jpg,649
640,Speee641不動産,https://foodslink.jp/syokuzaihyakka/syun/fruit/Papaya/PapayaGreen01s.jpg,650
641,Speee642不動産,https://foodslink.jp/syokuzaihyakka/syun/fruit/sumomo/sumomo-taiyo2s.jpg,651
642,Speee643不動産,https://foodslink.jp/syokuzaihyakka/syun/fruit/Figue-page/ichijiku-toyomituhime2s.jpg,652
643,Speee644不動産,https://foodslink.jp/syokuzaihyakka/syun/fruit/Cranberry/Cranberry07s.jpg,653
644,Speee645不動産,https://foodslink.jp/syokuzaihyakka/syun/fruit/Budou-page/budou-Kyoho10s.jpg,654
645,Speee646不動産,https://foodslink.jp/syokuzaihyakka/syun/fruit/akebi-page/akebi11s.jpg,655
646,Speee647不動産,https://foodslink.jp/syokuzaihyakka/syun/fruit/shikuwasa/shikuwasa04s.jpg,656
647,Speee648不動産,https://foodslink.jp/syokuzaihyakka/syun/fruit/starfruit/starfruit04s.jpg,657
648,Speee649不動産,https://foodslink.jp/syokuzaihyakka/syun/fruit/Papaya/PapayaGreen01s.jpg,658
649,Speee650不動産,https://foodslink.jp/syokuzaihyakka/syun/fruit/sumomo/sumomo-taiyo2s.jpg,659
650,Speee651不動産,https://foodslink.jp/syokuzaihyakka/syun/fruit/Figue-page/ichijiku-toyomituhime2s.jpg,660
651,Speee652不動産,https://foodslink.jp/syokuzaihyakka/syun/fruit/Cranberry/Cranberry07s.jpg,661
652,Speee653不動産,https://foodslink.jp/syokuzaihyakka/syun/fruit/Budou-page/budou-Kyoho10s.jpg,662
653,Speee654不動産,https://foodslink.jp/syokuzaihyakka/syun/fruit/akebi-page/akebi11s.jpg,663
654,Speee655不動産,https://foodslink.jp/syokuzaihyakka/syun/fruit/shikuwasa/shikuwasa04s.jpg,664
655,Speee656不動産,https://foodslink.jp/syokuzaihyakka/syun/fruit/starfruit/starfruit04s.jpg,665
656,Speee657不動産,https://foodslink.jp/syokuzaihyakka/syun/fruit/Papaya/PapayaGreen01s.jpg,666
657,Speee658不動産,https://foodslink.jp/syokuzaihyakka/syun/fruit/sumomo/sumomo-taiyo2s.jpg,667
658,Speee659不動産,https://foodslink.jp/syokuzaihyakka/syun/fruit/Figue-page/ichijiku-toyomituhime2s.jpg,668
659,Speee660不動産,https://foodslink.jp/syokuzaihyakka/syun/fruit/Cranberry/Cranberry07s.jpg,669
660,Speee661不動産,https://foodslink.jp/syokuzaihyakka/syun/fruit/Budou-page/budou-Kyoho10s.jpg,670
661,Speee662不動産,https://foodslink.jp/syokuzaihyakka/syun/fruit/akebi-page/akebi11s.jpg,671
662,Speee663不動産,https://foodslink.jp/syokuzaihyakka/syun/fruit/shikuwasa/shikuwasa04s.jpg,672
663,Speee664不動産,https://foodslink.jp/syokuzaihyakka/syun/fruit/starfruit/starfruit04s.jpg,673
664,Speee665不動産,https://foodslink.jp/syokuzaihyakka/syun/fruit/Papaya/PapayaGreen01s.jpg,674
665,Speee666不動産,https://foodslink.jp/syokuzaihyakka/syun/fruit/sumomo/sumomo-taiyo2s.jpg,675
666,Speee667不動産,https://foodslink.jp/syokuzaihyakka/syun/fruit/Figue-page/ichijiku-toyomituhime2s.jpg,676
667,Speee668不動産,https://foodslink.jp/syokuzaihyakka/syun/fruit/Cranberry/Cranberry07s.jpg,677
668,Speee669不動産,https://foodslink.jp/syokuzaihyakka/syun/fruit/Budou-page/budou-Kyoho10s.jpg,678
669,Speee670不動産,https://foodslink.jp/syokuzaihyakka/syun/fruit/akebi-page/akebi11s.jpg,679
670,Speee671不動産,https://foodslink.jp/syokuzaihyakka/syun/fruit/shikuwasa/shikuwasa04s.jpg,680
671,Speee672不動産,https://foodslink.jp/syokuzaihyakka/syun/fruit/starfruit/starfruit04s.jpg,681
672,Speee673不動産,https://foodslink.jp/syokuzaihyakka/syun/fruit/Papaya/PapayaGreen01s.jpg,682
673,Speee674不動産,https://foodslink.jp/syokuzaihyakka/syun/fruit/sumomo/sumomo-taiyo2s.jpg,683
674,Speee675不動産,https://foodslink.jp/syokuzaihyakka/syun/fruit/Figue-page/ichijiku-toyomituhime2s.jpg,684
675,Speee676不動産,https://foodslink.jp/syokuzaihyakka/syun/fruit/Cranberry/Cranberry07s.jpg,685
676,Speee677不動産,https://foodslink.jp/syokuzaihyakka/syun/fruit/Budou-page/budou-Kyoho10s.jpg,686
677,Speee678不動産,https://foodslink.jp/syokuzaihyakka/syun/fruit/akebi-page/akebi11s.jpg,687
678,Speee679不動産,https://foodslink.jp/syokuzaihyakka/syun/fruit/shikuwasa/shikuwasa04s.jpg,688
679,Speee680不動産,https://foodslink.jp/syokuzaihyakka/syun/fruit/starfruit/starfruit04s.jpg,689
680,Speee681不動産,https://foodslink.jp/syokuzaihyakka/syun/fruit/Papaya/PapayaGreen01s.jpg,690
681,Speee682不動産,https://foodslink.jp/syokuzaihyakka/syun/fruit/sumomo/sumomo-taiyo2s.jpg,691
682,Speee683不動産,https://foodslink.jp/syokuzaihyakka/syun/fruit/Figue-page/ichijiku-toyomituhime2s.jpg,692
683,Speee684不動産,https://foodslink.jp/syokuzaihyakka/syun/fruit/Cranberry/Cranberry07s.jpg,693
684,Speee685不動産,https://foodslink.jp/syokuzaihyakka/syun/fruit/Budou-page/budou-Kyoho10s.jpg,694
685,Speee686不動産,https://foodslink.jp/syokuzaihyakka/syun/fruit/akebi-page/akebi11s.jpg,695
686,Speee687不動産,https://foodslink.jp/syokuzaihyakka/syun/fruit/shikuwasa/shikuwasa04s.jpg,696
687,Speee688不動産,https://foodslink.jp/syokuzaihyakka/syun/fruit/starfruit/starfruit04s.jpg,697
688,Speee689不動産,https://foodslink.jp/syokuzaihyakka/syun/fruit/Papaya/PapayaGreen01s.jpg,698
689,Speee690不動産,https://foodslink.jp/syokuzaihyakka/syun/fruit/sumomo/sumomo-taiyo2s.jpg,699
690,Speee691不動産,https://foodslink.jp/syokuzaihyakka/syun/fruit/Figue-page/ichijiku-toyomituhime2s.jpg,700
691,Speee692不動産,https://foodslink.jp/syokuzaihyakka/syun/fruit/Cranberry/Cranberry07s.jpg,701
692,Speee693不動産,https://foodslink.jp/syokuzaihyakka/syun/fruit/Budou-page/budou-Kyoho10s.jpg,702
693,Speee694不動産,https://foodslink.jp/syokuzaihyakka/syun/fruit/akebi-page/akebi11s.jpg,703
694,Speee695不動産,https://foodslink.jp/syokuzaihyakka/syun/fruit/shikuwasa/shikuwasa04s.jpg,704
695,Speee696不動産,https://foodslink.jp/syokuzaihyakka/syun/fruit/starfruit/starfruit04s.jpg,705
696,Speee697不動産,https://foodslink.jp/syokuzaihyakka/syun/fruit/Papaya/PapayaGreen01s.jpg,706
697,Speee698不動産,https://foodslink.jp/syokuzaihyakka/syun/fruit/sumomo/sumomo-taiyo2s.jpg,707
698,Speee699不動産,https://foodslink.jp/syokuzaihyakka/syun/fruit/Figue-page/ichijiku-toyomituhime2s.jpg,708
699,Speee700不動産,https://foodslink.jp/syokuzaihyakka/syun/fruit/Cranberry/Cranberry07s.jpg,709
700,Speee701不動産,https://foodslink.jp/syokuzaihyakka/syun/fruit/Budou-page/budou-Kyoho10s.jpg,710
701,Speee702不動産,https://foodslink.jp/syokuzaihyakka/syun/fruit/akebi-page/akebi11s.jpg,711
702,Speee703不動産,https://foodslink.jp/syokuzaihyakka/syun/fruit/shikuwasa/shikuwasa04s.jpg,712
703,Speee704不動産,https://foodslink.jp/syokuzaihyakka/syun/fruit/starfruit/starfruit04s.jpg,713
704,Speee705不動産,https://foodslink.jp/syokuzaihyakka/syun/fruit/Papaya/PapayaGreen01s.jpg,714
705,Speee706不動産,https://foodslink.jp/syokuzaihyakka/syun/fruit/sumomo/sumomo-taiyo2s.jpg,715
706,Speee707不動産,https://foodslink.jp/syokuzaihyakka/syun/fruit/Figue-page/ichijiku-toyomituhime2s.jpg,716
707,Speee708不動産,https://foodslink.jp/syokuzaihyakka/syun/fruit/Cranberry/Cranberry07s.jpg,717
708,Speee709不動産,https://foodslink.jp/syokuzaihyakka/syun/fruit/Budou-page/budou-Kyoho10s.jpg,718
709,Speee710不動産,https://foodslink.jp/syokuzaihyakka/syun/fruit/akebi-page/akebi11s.jpg,719
710,Speee711不動産,https://foodslink.jp/syokuzaihyakka/syun/fruit/shikuwasa/shikuwasa04s.jpg,720
711,Speee712不動産,https://foodslink.jp/syokuzaihyakka/syun/fruit/starfruit/starfruit04s.jpg,721
712,Speee713不動産,https://foodslink.jp/syokuzaihyakka/syun/fruit/Papaya/PapayaGreen01s.jpg,722
713,Speee714不動産,https://foodslink.jp/syokuzaihyakka/syun/fruit/sumomo/sumomo-taiyo2s.jpg,723
714,Speee715不動産,https://foodslink.jp/syokuzaihyakka/syun/fruit/Figue-page/ichijiku-toyomituhime2s.jpg,724
715,Speee716不動産,https://foodslink.jp/syokuzaihyakka/syun/fruit/Cranberry/Cranberry07s.jpg,725
716,Speee717不動産,https://foodslink.jp/syokuzaihyakka/syun/fruit/Budou-page/budou-Kyoho10s.jpg,726
717,Speee718不動産,https://foodslink.jp/syokuzaihyakka/syun/fruit/akebi-page/akebi11s.jpg,727
718,Speee719不動産,https://foodslink.jp/syokuzaihyakka/syun/fruit/shikuwasa/shikuwasa04s.jpg,728
719,Speee720不動産,https://foodslink.jp/syokuzaihyakka/syun/fruit/starfruit/starfruit04s.jpg,729
720,Speee721不動産,https://foodslink.jp/syokuzaihyakka/syun/fruit/Papaya/PapayaGreen01s.jpg,730
721,Speee722不動産,https://foodslink.jp/syokuzaihyakka/syun/fruit/sumomo/sumomo-taiyo2s.jpg,731
722,Speee723不動産,https://foodslink.jp/syokuzaihyakka/syun/fruit/Figue-page/ichijiku-toyomituhime2s.jpg,732
723,Speee724不動産,https://foodslink.jp/syokuzaihyakka/syun/fruit/Cranberry/Cranberry07s.jpg,733
724,Speee725不動産,https://foodslink.jp/syokuzaihyakka/syun/fruit/Budou-page/budou-Kyoho10s.jpg,734
725,Speee726不動産,https://foodslink.jp/syokuzaihyakka/syun/fruit/akebi-page/akebi11s.jpg,735
726,Speee727不動産,https://foodslink.jp/syokuzaihyakka/syun/fruit/shikuwasa/shikuwasa04s.jpg,736
727,Speee728不動産,https://foodslink.jp/syokuzaihyakka/syun/fruit/starfruit/starfruit04s.jpg,737
728,Speee729不動産,https://foodslink.jp/syokuzaihyakka/syun/fruit/Papaya/PapayaGreen01s.jpg,738
729,Speee730不動産,https://foodslink.jp/syokuzaihyakka/syun/fruit/sumomo/sumomo-taiyo2s.jpg,739
730,Speee731不動産,https://foodslink.jp/syokuzaihyakka/syun/fruit/Figue-page/ichijiku-toyomituhime2s.jpg,740
731,Speee732不動産,https://foodslink.jp/syokuzaihyakka/syun/fruit/Cranberry/Cranberry07s.jpg,741
732,Speee733不動産,https://foodslink.jp/syokuzaihyakka/syun/fruit/Budou-page/budou-Kyoho10s.jpg,742
733,Speee734不動産,https://foodslink.jp/syokuzaihyakka/syun/fruit/akebi-page/akebi11s.jpg,743
734,Speee735不動産,https://foodslink.jp/syokuzaihyakka/syun/fruit/shikuwasa/shikuwasa04s.jpg,744
735,Speee736不動産,https://foodslink.jp/syokuzaihyakka/syun/fruit/starfruit/starfruit04s.jpg,745
736,Speee737不動産,https://foodslink.jp/syokuzaihyakka/syun/fruit/Papaya/PapayaGreen01s.jpg,746
737,Speee738不動産,https://foodslink.jp/syokuzaihyakka/syun/fruit/sumomo/sumomo-taiyo2s.jpg,747
738,Speee739不動産,https://foodslink.jp/syokuzaihyakka/syun/fruit/Figue-page/ichijiku-toyomituhime2s.jpg,748
739,Speee740不動産,https://foodslink.jp/syokuzaihyakka/syun/fruit/Cranberry/Cranberry07s.jpg,749
740,Speee741不動産,https://foodslink.jp/syokuzaihyakka/syun/fruit/Budou-page/budou-Kyoho10s.jpg,750
741,Speee742不動産,https://foodslink.jp/syokuzaihyakka/syun/fruit/akebi-page/akebi11s.jpg,751
742,Speee743不動産,https://foodslink.jp/syokuzaihyakka/syun/fruit/shikuwasa/shikuwasa04s.jpg,752
743,Speee744不動産,https://foodslink.jp/syokuzaihyakka/syun/fruit/starfruit/starfruit04s.jpg,753
744,Speee745不動産,https://foodslink.jp/syokuzaihyakka/syun/fruit/Papaya/PapayaGreen01s.jpg,754
745,Speee746不動産,https://foodslink.jp/syokuzaihyakka/syun/fruit/sumomo/sumomo-taiyo2s.jpg,755
746,Speee747不動産,https://foodslink.jp/syokuzaihyakka/syun/fruit/Figue-page/ichijiku-toyomituhime2s.jpg,756
747,Speee748不動産,https://foodslink.jp/syokuzaihyakka/syun/fruit/Cranberry/Cranberry07s.jpg,757
748,Speee749不動産,https://foodslink.jp/syokuzaihyakka/syun/fruit/Budou-page/budou-Kyoho10s.jpg,758
749,Speee750不動産,https://foodslink.jp/syokuzaihyakka/syun/fruit/akebi-page/akebi11s.jpg,759
750,Speee751不動産,https://foodslink.jp/syokuzaihyakka/syun/fruit/shikuwasa/shikuwasa04s.jpg,760
751,Speee752不動産,https://foodslink.jp/syokuzaihyakka/syun/fruit/starfruit/starfruit04s.jpg,761
752,Speee753不動産,https://foodslink.jp/syokuzaihyakka/syun/fruit/Papaya/PapayaGreen01s.jpg,762
753,Speee754不動産,https://foodslink.jp/syokuzaihyakka/syun/fruit/sumomo/sumomo-taiyo2s.jpg,763
754,Speee755不動産,https://foodslink.jp/syokuzaihyakka/syun/fruit/Figue-page/ichijiku-toyomituhime2s.jpg,764
755,Speee756不動産,https://foodslink.jp/syokuzaihyakka/syun/fruit/Cranberry/Cranberry07s.jpg,765
756,Speee757不動産,https://foodslink.jp/syokuzaihyakka/syun/fruit/Budou-page/budou-Kyoho10s.jpg,766
757,Speee758不動産,https://foodslink.jp/syokuzaihyakka/syun/fruit/akebi-page/akebi11s.jpg,767
758,Speee759不動産,https://foodslink.jp/syokuzaihyakka/syun/fruit/shikuwasa/shikuwasa04s.jpg,768
759,Speee760不動産,https://foodslink.jp/syokuzaihyakka/syun/fruit/starfruit/starfruit04s.jpg,769
760,Speee761不動産,https://foodslink.jp/syokuzaihyakka/syun/fruit/Papaya/PapayaGreen01s.jpg,770
761,Speee762不動産,https://foodslink.jp/syokuzaihyakka/syun/fruit/sumomo/sumomo-taiyo2s.jpg,771
762,Speee763不動産,https://foodslink.jp/syokuzaihyakka/syun/fruit/Figue-page/ichijiku-toyomituhime2s.jpg,772
763,Speee764不動産,https://foodslink.jp/syokuzaihyakka/syun/fruit/Cranberry/Cranberry07s.jpg,773
764,Speee765不動産,https://foodslink.jp/syokuzaihyakka/syun/fruit/Budou-page/budou-Kyoho10s.jpg,774
765,Speee766不動産,https://foodslink.jp/syokuzaihyakka/syun/fruit/akebi-page/akebi11s.jpg,775
766,Speee767不動産,https://foodslink.jp/syokuzaihyakka/syun/fruit/shikuwasa/shikuwasa04s.jpg,776
767,Speee768不動産,https://foodslink.jp/syokuzaihyakka/syun/fruit/starfruit/starfruit04s.jpg,777
768,Speee769不動産,https://foodslink.jp/syokuzaihyakka/syun/fruit/Papaya/PapayaGreen01s.jpg,778
769,Speee770不動産,https://foodslink.jp/syokuzaihyakka/syun/fruit/sumomo/sumomo-taiyo2s.jpg,779
770,Speee771不動産,https://foodslink.jp/syokuzaihyakka/syun/fruit/Figue-page/ichijiku-toyomituhime2s.jpg,780
771,Speee772不動産,https://foodslink.jp/syokuzaihyakka/syun/fruit/Cranberry/Cranberry07s.jpg,781
772,Speee773不動産,https://foodslink.jp/syokuzaihyakka/syun/fruit/Budou-page/budou-Kyoho10s.jpg,782
773,Speee774不動産,https://foodslink.jp/syokuzaihyakka/syun/fruit/akebi-page/akebi11s.jpg,783
774,Speee775不動産,https://foodslink.jp/syokuzaihyakka/syun/fruit/shikuwasa/shikuwasa04s.jpg,784
775,Speee776不動産,https://foodslink.jp/syokuzaihyakka/syun/fruit/starfruit/starfruit04s.jpg,785
776,Speee777不動産,https://foodslink.jp/syokuzaihyakka/syun/fruit/Papaya/PapayaGreen01s.jpg,786
777,Speee778不動産,https://foodslink.jp/syokuzaihyakka/syun/fruit/sumomo/sumomo-taiyo2s.jpg,787
778,Speee779不動産,https://foodslink.jp/syokuzaihyakka/syun/fruit/Figue-page/ichijiku-toyomituhime2s.jpg,788
779,Speee780不動産,https://foodslink.jp/syokuzaihyakka/syun/fruit/Cranberry/Cranberry07s.jpg,789
780,Speee781不動産,https://foodslink.jp/syokuzaihyakka/syun/fruit/Budou-page/budou-Kyoho10s.jpg,790
781,Speee782不動産,https://foodslink.jp/syokuzaihyakka/syun/fruit/akebi-page/akebi11s.jpg,791
782,Speee783不動産,https://foodslink.jp/syokuzaihyakka/syun/fruit/shikuwasa/shikuwasa04s.jpg,792
783,Speee784不動産,https://foodslink.jp/syokuzaihyakka/syun/fruit/starfruit/starfruit04s.jpg,793
784,Speee785不動産,https://foodslink.jp/syokuzaihyakka/syun/fruit/Papaya/PapayaGreen01s.jpg,794
785,Speee786不動産,https://foodslink.jp/syokuzaihyakka/syun/fruit/sumomo/sumomo-taiyo2s.jpg,795
786,Speee787不動産,https://foodslink.jp/syokuzaihyakka/syun/fruit/Figue-page/ichijiku-toyomituhime2s.jpg,796
787,Speee788不動産,https://foodslink.jp/syokuzaihyakka/syun/fruit/Cranberry/Cranberry07s.jpg,797
788,Speee789不動産,https://foodslink.jp/syokuzaihyakka/syun/fruit/Budou-page/budou-Kyoho10s.jpg,798
789,Speee790不動産,https://foodslink.jp/syokuzaihyakka/syun/fruit/akebi-page/akebi11s.jpg,799
790,Speee791不動産,https://foodslink.jp/syokuzaihyakka/syun/fruit/shikuwasa/shikuwasa04s.jpg,800
791,Speee792不動産,https://foodslink.jp/syokuzaihyakka/syun/fruit/starfruit/starfruit04s.jpg,801
792,Speee793不動産,https://foodslink.jp/syokuzaihyakka/syun/fruit/Papaya/PapayaGreen01s.jpg,802
793,Speee794不動産,https://foodslink.jp/syokuzaihyakka/syun/fruit/sumomo/sumomo-taiyo2s.jpg,803
794,Speee795不動産,https://foodslink.jp/syokuzaihyakka/syun/fruit/Figue-page/ichijiku-toyomituhime2s.jpg,804
795,Speee796不動産,https://foodslink.jp/syokuzaihyakka/syun/fruit/Cranberry/Cranberry07s.jpg,805
796,Speee797不動産,https://foodslink.jp/syokuzaihyakka/syun/fruit/Budou-page/budou-Kyoho10s.jpg,806
797,Speee798不動産,https://foodslink.jp/syokuzaihyakka/syun/fruit/akebi-page/akebi11s.jpg,807
798,Speee799不動産,https://foodslink.jp/syokuzaihyakka/syun/fruit/shikuwasa/shikuwasa04s.jpg,808
799,Speee800不動産,https://foodslink.jp/syokuzaihyakka/syun/fruit/starfruit/starfruit04s.jpg,809
800,Speee801不動産,https://foodslink.jp/syokuzaihyakka/syun/fruit/Papaya/PapayaGreen01s.jpg,810
801,Speee802不動産,https://foodslink.jp/syokuzaihyakka/syun/fruit/sumomo/sumomo-taiyo2s.jpg,811
802,Speee803不動産,https://foodslink.jp/syokuzaihyakka/syun/fruit/Figue-page/ichijiku-toyomituhime2s.jpg,812
803,Speee804不動産,https://foodslink.jp/syokuzaihyakka/syun/fruit/Cranberry/Cranberry07s.jpg,813
804,Speee805不動産,https://foodslink.jp/syokuzaihyakka/syun/fruit/Budou-page/budou-Kyoho10s.jpg,814
805,Speee806不動産,https://foodslink.jp/syokuzaihyakka/syun/fruit/akebi-page/akebi11s.jpg,815
806,Speee807不動産,https://foodslink.jp/syokuzaihyakka/syun/fruit/shikuwasa/shikuwasa04s.jpg,816
807,Speee808不動産,https://foodslink.jp/syokuzaihyakka/syun/fruit/starfruit/starfruit04s.jpg,817
808,Speee809不動産,https://foodslink.jp/syokuzaihyakka/syun/fruit/Papaya/PapayaGreen01s.jpg,818
809,Speee810不動産,https://foodslink.jp/syokuzaihyakka/syun/fruit/sumomo/sumomo-taiyo2s.jpg,819
810,Speee811不動産,https://foodslink.jp/syokuzaihyakka/syun/fruit/Figue-page/ichijiku-toyomituhime2s.jpg,820
811,Speee812不動産,https://foodslink.jp/syokuzaihyakka/syun/fruit/Cranberry/Cranberry07s.jpg,821
812,Speee813不動産,https://foodslink.jp/syokuzaihyakka/syun/fruit/Budou-page/budou-Kyoho10s.jpg,822
813,Speee814不動産,https://foodslink.jp/syokuzaihyakka/syun/fruit/akebi-page/akebi11s.jpg,823
814,Speee815不動産,https://foodslink.jp/syokuzaihyakka/syun/fruit/shikuwasa/shikuwasa04s.jpg,824
815,Speee816不動産,https://foodslink.jp/syokuzaihyakka/syun/fruit/starfruit/starfruit04s.jpg,825
816,Speee817不動産,https://foodslink.jp/syokuzaihyakka/syun/fruit/Papaya/PapayaGreen01s.jpg,826
817,Speee818不動産,https://foodslink.jp/syokuzaihyakka/syun/fruit/sumomo/sumomo-taiyo2s.jpg,827
818,Speee819不動産,https://foodslink.jp/syokuzaihyakka/syun/fruit/Figue-page/ichijiku-toyomituhime2s.jpg,828
819,Speee820不動産,https://foodslink.jp/syokuzaihyakka/syun/fruit/Cranberry/Cranberry07s.jpg,829
820,Speee821不動産,https://foodslink.jp/syokuzaihyakka/syun/fruit/Budou-page/budou-Kyoho10s.jpg,830
821,Speee822不動産,https://foodslink.jp/syokuzaihyakka/syun/fruit/akebi-page/akebi11s.jpg,831
822,Speee823不動産,https://foodslink.jp/syokuzaihyakka/syun/fruit/shikuwasa/shikuwasa04s.jpg,832
823,Speee824不動産,https://foodslink.jp/syokuzaihyakka/syun/fruit/starfruit/starfruit04s.jpg,833
824,Speee825不動産,https://foodslink.jp/syokuzaihyakka/syun/fruit/Papaya/PapayaGreen01s.jpg,834
825,Speee826不動産,https://foodslink.jp/syokuzaihyakka/syun/fruit/sumomo/sumomo-taiyo2s.jpg,835
826,Speee827不動産,https://foodslink.jp/syokuzaihyakka/syun/fruit/Figue-page/ichijiku-toyomituhime2s.jpg,836
827,Speee828不動産,https://foodslink.jp/syokuzaihyakka/syun/fruit/Cranberry/Cranberry07s.jpg,837
828,Speee829不動産,https://foodslink.jp/syokuzaihyakka/syun/fruit/Budou-page/budou-Kyoho10s.jpg,838
829,Speee830不動産,https://foodslink.jp/syokuzaihyakka/syun/fruit/akebi-page/akebi11s.jpg,839
830,Speee831不動産,https://foodslink.jp/syokuzaihyakka/syun/fruit/shikuwasa/shikuwasa04s.jpg,840
831,Speee832不動産,https://foodslink.jp/syokuzaihyakka/syun/fruit/starfruit/starfruit04s.jpg,841
832,Speee833不動産,https://foodslink.jp/syokuzaihyakka/syun/fruit/Papaya/PapayaGreen01s.jpg,842
833,Speee834不動産,https://foodslink.jp/syokuzaihyakka/syun/fruit/sumomo/sumomo-taiyo2s.jpg,843
834,Speee835不動産,https://foodslink.jp/syokuzaihyakka/syun/fruit/Figue-page/ichijiku-toyomituhime2s.jpg,844
835,Speee836不動産,https://foodslink.jp/syokuzaihyakka/syun/fruit/Cranberry/Cranberry07s.jpg,845
836,Speee837不動産,https://foodslink.jp/syokuzaihyakka/syun/fruit/Budou-page/budou-Kyoho10s.jpg,846
837,Speee838不動産,https://foodslink.jp/syokuzaihyakka/syun/fruit/akebi-page/akebi11s.jpg,847
838,Speee839不動産,https://foodslink.jp/syokuzaihyakka/syun/fruit/shikuwasa/shikuwasa04s.jpg,848
839,Speee840不動産,https://foodslink.jp/syokuzaihyakka/syun/fruit/starfruit/starfruit04s.jpg,849
840,Speee841不動産,https://foodslink.jp/syokuzaihyakka/syun/fruit/Papaya/PapayaGreen01s.jpg,850
841,Speee842不動産,https://foodslink.jp/syokuzaihyakka/syun/fruit/sumomo/sumomo-taiyo2s.jpg,851
842,Speee843不動産,https://foodslink.jp/syokuzaihyakka/syun/fruit/Figue-page/ichijiku-toyomituhime2s.jpg,852
843,Speee844不動産,https://foodslink.jp/syokuzaihyakka/syun/fruit/Cranberry/Cranberry07s.jpg,853
844,Speee845不動産,https://foodslink.jp/syokuzaihyakka/syun/fruit/Budou-page/budou-Kyoho10s.jpg,854
845,Speee846不動産,https://foodslink.jp/syokuzaihyakka/syun/fruit/akebi-page/akebi11s.jpg,855
846,Speee847不動産,https://foodslink.jp/syokuzaihyakka/syun/fruit/shikuwasa/shikuwasa04s.jpg,856
847,Speee848不動産,https://foodslink.jp/syokuzaihyakka/syun/fruit/starfruit/starfruit04s.jpg,857
848,Speee849不動産,https://foodslink.jp/syokuzaihyakka/syun/fruit/Papaya/PapayaGreen01s.jpg,858
849,Speee850不動産,https://foodslink.jp/syokuzaihyakka/syun/fruit/sumomo/sumomo-taiyo2s.jpg,859
850,Speee851不動産,https://foodslink.jp/syokuzaihyakka/syun/fruit/Figue-page/ichijiku-toyomituhime2s.jpg,860
851,Speee852不動産,https://foodslink.jp/syokuzaihyakka/syun/fruit/Cranberry/Cranberry07s.jpg,861
852,Speee853不動産,https://foodslink.jp/syokuzaihyakka/syun/fruit/Budou-page/budou-Kyoho10s.jpg,862
853,Speee854不動産,https://foodslink.jp/syokuzaihyakka/syun/fruit/akebi-page/akebi11s.jpg,863
854,Speee855不動産,https://foodslink.jp/syokuzaihyakka/syun/fruit/shikuwasa/shikuwasa04s.jpg,864
855,Speee856不動産,https://foodslink.jp/syokuzaihyakka/syun/fruit/starfruit/starfruit04s.jpg,865
856,Speee857不動産,https://foodslink.jp/syokuzaihyakka/syun/fruit/Papaya/PapayaGreen01s.jpg,866
857,Speee858不動産,https://foodslink.jp/syokuzaihyakka/syun/fruit/sumomo/sumomo-taiyo2s.jpg,867
858,Speee859不動産,https://foodslink.jp/syokuzaihyakka/syun/fruit/Figue-page/ichijiku-toyomituhime2s.jpg,868
859,Speee860不動産,https://foodslink.jp/syokuzaihyakka/syun/fruit/Cranberry/Cranberry07s.jpg,869
860,Speee861不動産,https://foodslink.jp/syokuzaihyakka/syun/fruit/Budou-page/budou-Kyoho10s.jpg,870
861,Speee862不動産,https://foodslink.jp/syokuzaihyakka/syun/fruit/akebi-page/akebi11s.jpg,871
862,Speee863不動産,https://foodslink.jp/syokuzaihyakka/syun/fruit/shikuwasa/shikuwasa04s.jpg,872
863,Speee864不動産,https://foodslink.jp/syokuzaihyakka/syun/fruit/starfruit/starfruit04s.jpg,873
864,Speee865不動産,https://foodslink.jp/syokuzaihyakka/syun/fruit/Papaya/PapayaGreen01s.jpg,874
865,Speee866不動産,https://foodslink.jp/syokuzaihyakka/syun/fruit/sumomo/sumomo-taiyo2s.jpg,875
866,Speee867不動産,https://foodslink.jp/syokuzaihyakka/syun/fruit/Figue-page/ichijiku-toyomituhime2s.jpg,876
867,Speee868不動産,https://foodslink.jp/syokuzaihyakka/syun/fruit/Cranberry/Cranberry07s.jpg,877
868,Speee869不動産,https://foodslink.jp/syokuzaihyakka/syun/fruit/Budou-page/budou-Kyoho10s.jpg,878
869,Speee870不動産,https://foodslink.jp/syokuzaihyakka/syun/fruit/akebi-page/akebi11s.jpg,879
870,Speee871不動産,https://foodslink.jp/syokuzaihyakka/syun/fruit/shikuwasa/shikuwasa04s.jpg,880
871,Speee872不動産,https://foodslink.jp/syokuzaihyakka/syun/fruit/starfruit/starfruit04s.jpg,881
872,Speee873不動産,https://foodslink.jp/syokuzaihyakka/syun/fruit/Papaya/PapayaGreen01s.jpg,882
873,Speee874不動産,https://foodslink.jp/syokuzaihyakka/syun/fruit/sumomo/sumomo-taiyo2s.jpg,883
874,Speee875不動産,https://foodslink.jp/syokuzaihyakka/syun/fruit/Figue-page/ichijiku-toyomituhime2s.jpg,884
875,Speee876不動産,https://foodslink.jp/syokuzaihyakka/syun/fruit/Cranberry/Cranberry07s.jpg,885
876,Speee877不動産,https://foodslink.jp/syokuzaihyakka/syun/fruit/Budou-page/budou-Kyoho10s.jpg,886
877,Speee878不動産,https://foodslink.jp/syokuzaihyakka/syun/fruit/akebi-page/akebi11s.jpg,887
878,Speee879不動産,https://foodslink.jp/syokuzaihyakka/syun/fruit/shikuwasa/shikuwasa04s.jpg,888
879,Speee880不動産,https://foodslink.jp/syokuzaihyakka/syun/fruit/starfruit/starfruit04s.jpg,889
880,Speee881不動産,https://foodslink.jp/syokuzaihyakka/syun/fruit/Papaya/PapayaGreen01s.jpg,890
881,Speee882不動産,https://foodslink.jp/syokuzaihyakka/syun/fruit/sumomo/sumomo-taiyo2s.jpg,891
882,Speee883不動産,https://foodslink.jp/syokuzaihyakka/syun/fruit/Figue-page/ichijiku-toyomituhime2s.jpg,892
883,Speee884不動産,https://foodslink.jp/syokuzaihyakka/syun/fruit/Cranberry/Cranberry07s.jpg,893
884,Speee885不動産,https://foodslink.jp/syokuzaihyakka/syun/fruit/Budou-page/budou-Kyoho10s.jpg,894
885,Speee886不動産,https://foodslink.jp/syokuzaihyakka/syun/fruit/akebi-page/akebi11s.jpg,895
886,Speee887不動産,https://foodslink.jp/syokuzaihyakka/syun/fruit/shikuwasa/shikuwasa04s.jpg,896
887,Speee888不動産,https://foodslink.jp/syokuzaihyakka/syun/fruit/starfruit/starfruit04s.jpg,897
888,Speee889不動産,https://foodslink.jp/syokuzaihyakka/syun/fruit/Papaya/PapayaGreen01s.jpg,898
889,Speee890不動産,https://foodslink.jp/syokuzaihyakka/syun/fruit/sumomo/sumomo-taiyo2s.jpg,899
890,Speee891不動産,https://foodslink.jp/syokuzaihyakka/syun/fruit/Figue-page/ichijiku-toyomituhime2s.jpg,900
891,Speee892不動産,https://foodslink.jp/syokuzaihyakka/syun/fruit/Cranberry/Cranberry07s.jpg,901
892,Speee893不動産,https://foodslink.jp/syokuzaihyakka/syun/fruit/Budou-page/budou-Kyoho10s.jpg,902
893,Speee894不動産,https://foodslink.jp/syokuzaihyakka/syun/fruit/akebi-page/akebi11s.jpg,903
894,Speee895不動産,https://foodslink.jp/syokuzaihyakka/syun/fruit/shikuwasa/shikuwasa04s.jpg,904
895,Speee896不動産,https://foodslink.jp/syokuzaihyakka/syun/fruit/starfruit/starfruit04s.jpg,905
896,Speee897不動産,https://foodslink.jp/syokuzaihyakka/syun/fruit/Papaya/PapayaGreen01s.jpg,906
897,Speee898不動産,https://foodslink.jp/syokuzaihyakka/syun/fruit/sumomo/sumomo-taiyo2s.jpg,907
898,Speee899不動産,https://foodslink.jp/syokuzaihyakka/syun/fruit/Figue-page/ichijiku-toyomituhime2s.jpg,908
899,Speee900不動産,https://foodslink.jp/syokuzaihyakka/syun/fruit/Cranberry/Cranberry07s.jpg,909
900,Speee901不動産,https://foodslink.jp/syokuzaihyakka/syun/fruit/Budou-page/budou-Kyoho10s.jpg,910
901,Speee902不動産,https://foodslink.jp/syokuzaihyakka/syun/fruit/akebi-page/akebi11s.jpg,911
902,Speee903不動産,https://foodslink.jp/syokuzaihyakka/syun/fruit/shikuwasa/shikuwasa04s.jpg,912
903,Speee904不動産,https://foodslink.jp/syokuzaihyakka/syun/fruit/starfruit/starfruit04s.jpg,913
904,Speee905不動産,https://foodslink.jp/syokuzaihyakka/syun/fruit/Papaya/PapayaGreen01s.jpg,914
905,Speee906不動産,https://foodslink.jp/syokuzaihyakka/syun/fruit/sumomo/sumomo-taiyo2s.jpg,915
906,Speee907不動産,https://foodslink.jp/syokuzaihyakka/syun/fruit/Figue-page/ichijiku-toyomituhime2s.jpg,916
907,Speee908不動産,https://foodslink.jp/syokuzaihyakka/syun/fruit/Cranberry/Cranberry07s.jpg,917
908,Speee909不動産,https://foodslink.jp/syokuzaihyakka/syun/fruit/Budou-page/budou-Kyoho10s.jpg,918
909,Speee910不動産,https://foodslink.jp/syokuzaihyakka/syun/fruit/akebi-page/akebi11s.jpg,919
910,Speee911不動産,https://foodslink.jp/syokuzaihyakka/syun/fruit/shikuwasa/shikuwasa04s.jpg,920
911,Speee912不動産,https://foodslink.jp/syokuzaihyakka/syun/fruit/starfruit/starfruit04s.jpg,921
912,Speee913不動産,https://foodslink.jp/syokuzaihyakka/syun/fruit/Papaya/PapayaGreen01s.jpg,922
913,Speee914不動産,https://foodslink.jp/syokuzaihyakka/syun/fruit/sumomo/sumomo-taiyo2s.jpg,923
914,Speee915不動産,https://foodslink.jp/syokuzaihyakka/syun/fruit/Figue-page/ichijiku-toyomituhime2s.jpg,924
915,Speee916不動産,https://foodslink.jp/syokuzaihyakka/syun/fruit/Cranberry/Cranberry07s.jpg,925
916,Speee917不動産,https://foodslink.jp/syokuzaihyakka/syun/fruit/Budou-page/budou-Kyoho10s.jpg,926
917,Speee918不動産,https://foodslink.jp/syokuzaihyakka/syun/fruit/akebi-page/akebi11s.jpg,927
918,Speee919不動産,https://foodslink.jp/syokuzaihyakka/syun/fruit/shikuwasa/shikuwasa04s.jpg,928
919,Speee920不動産,https://foodslink.jp/syokuzaihyakka/syun/fruit/starfruit/starfruit04s.jpg,929
920,Speee921不動産,https://foodslink.jp/syokuzaihyakka/syun/fruit/Papaya/PapayaGreen01s.jpg,930
921,Speee922不動産,https://foodslink.jp/syokuzaihyakka/syun/fruit/sumomo/sumomo-taiyo2s.jpg,931
922,Speee923不動産,https://foodslink.jp/syokuzaihyakka/syun/fruit/Figue-page/ichijiku-toyomituhime2s.jpg,932
923,Speee924不動産,https://foodslink.jp/syokuzaihyakka/syun/fruit/Cranberry/Cranberry07s.jpg,933
924,Speee925不動産,https://foodslink.jp/syokuzaihyakka/syun/fruit/Budou-page/budou-Kyoho10s.jpg,934
925,Speee926不動産,https://foodslink.jp/syokuzaihyakka/syun/fruit/akebi-page/akebi11s.jpg,935
926,Speee927不動産,https://foodslink.jp/syokuzaihyakka/syun/fruit/shikuwasa/shikuwasa04s.jpg,936
927,Speee928不動産,https://foodslink.jp/syokuzaihyakka/syun/fruit/starfruit/starfruit04s.jpg,937
928,Speee929不動産,https://foodslink.jp/syokuzaihyakka/syun/fruit/Papaya/PapayaGreen01s.jpg,938
929,Speee930不動産,https://foodslink.jp/syokuzaihyakka/syun/fruit/sumomo/sumomo-taiyo2s.jpg,939
930,Speee931不動産,https://foodslink.jp/syokuzaihyakka/syun/fruit/Figue-page/ichijiku-toyomituhime2s.jpg,940
931,Speee932不動産,https://foodslink.jp/syokuzaihyakka/syun/fruit/Cranberry/Cranberry07s.jpg,941
932,Speee933不動産,https://foodslink.jp/syokuzaihyakka/syun/fruit/Budou-page/budou-Kyoho10s.jpg,942
933,Speee934不動産,https://foodslink.jp/syokuzaihyakka/syun/fruit/akebi-page/akebi11s.jpg,943
934,Speee935不動産,https://foodslink.jp/syokuzaihyakka/syun/fruit/shikuwasa/shikuwasa04s.jpg,944
935,Speee936不動産,https://foodslink.jp/syokuzaihyakka/syun/fruit/starfruit/starfruit04s.jpg,945
936,Speee937不動産,https://foodslink.jp/syokuzaihyakka/syun/fruit/Papaya/PapayaGreen01s.jpg,946
937,Speee938不動産,https://foodslink.jp/syokuzaihyakka/syun/fruit/sumomo/sumomo-taiyo2s.jpg,947
938,Speee939不動産,https://foodslink.jp/syokuzaihyakka/syun/fruit/Figue-page/ichijiku-toyomituhime2s.jpg,948
939,Speee940不動産,https://foodslink.jp/syokuzaihyakka/syun/fruit/Cranberry/Cranberry07s.jpg,949
940,Speee941不動産,https://foodslink.jp/syokuzaihyakka/syun/fruit/Budou-page/budou-Kyoho10s.jpg,950
941,Speee942不動産,https://foodslink.jp/syokuzaihyakka/syun/fruit/akebi-page/akebi11s.jpg,951
942,Speee943不動産,https://foodslink.jp/syokuzaihyakka/syun/fruit/shikuwasa/shikuwasa04s.jpg,952
943,Speee944不動産,https://foodslink.jp/syokuzaihyakka/syun/fruit/starfruit/starfruit04s.jpg,953
944,Speee945不動産,https://foodslink.jp/syokuzaihyakka/syun/fruit/Papaya/PapayaGreen01s.jpg,954
945,Speee946不動産,https://foodslink.jp/syokuzaihyakka/syun/fruit/sumomo/sumomo-taiyo2s.jpg,955
946,Speee947不動産,https://foodslink.jp/syokuzaihyakka/syun/fruit/Figue-page/ichijiku-toyomituhime2s.jpg,956
947,Speee948不動産,https://foodslink.jp/syokuzaihyakka/syun/fruit/Cranberry/Cranberry07s.jpg,957
948,Speee949不動産,https://foodslink.jp/syokuzaihyakka/syun/fruit/Budou-page/budou-Kyoho10s.jpg,958
949,Speee950不動産,https://foodslink.jp/syokuzaihyakka/syun/fruit/akebi-page/akebi11s.jpg,959
950,Speee951不動産,https://foodslink.jp/syokuzaihyakka/syun/fruit/shikuwasa/shikuwasa04s.jpg,960
951,Speee952不動産,https://foodslink.jp/syokuzaihyakka/syun/fruit/starfruit/starfruit04s.jpg,961
952,Speee953不動産,https://foodslink.jp/syokuzaihyakka/syun/fruit/Papaya/PapayaGreen01s.jpg,962
953,Speee954不動産,https://foodslink.jp/syokuzaihyakka/syun/fruit/sumomo/sumomo-taiyo2s.jpg,963
954,Speee955不動産,https://foodslink.jp/syokuzaihyakka/syun/fruit/Figue-page/ichijiku-toyomituhime2s.jpg,964
955,Speee956不動産,https://foodslink.jp/syokuzaihyakka/syun/fruit/Cranberry/Cranberry07s.jpg,965
956,Speee957不動産,https://foodslink.jp/syokuzaihyakka/syun/fruit/Budou-page/budou-Kyoho10s.jpg,966
957,Speee958不動産,https://foodslink.jp/syokuzaihyakka/syun/fruit/akebi-page/akebi11s.jpg,967
958,Speee959不動産,https://foodslink.jp/syokuzaihyakka/syun/fruit/shikuwasa/shikuwasa04s.jpg,968
959,Speee960不動産,https://foodslink.jp/syokuzaihyakka/syun/fruit/starfruit/starfruit04s.jpg,969
960,Speee961不動産,https://foodslink.jp/syokuzaihyakka/syun/fruit/Papaya/PapayaGreen01s.jpg,970
961,Speee962不動産,https://foodslink.jp/syokuzaihyakka/syun/fruit/sumomo/sumomo-taiyo2s.jpg,971
962,Speee963不動産,https://foodslink.jp/syokuzaihyakka/syun/fruit/Figue-page/ichijiku-toyomituhime2s.jpg,972
963,Speee964不動産,https://foodslink.jp/syokuzaihyakka/syun/fruit/Cranberry/Cranberry07s.jpg,973
964,Speee965不動産,https://foodslink.jp/syokuzaihyakka/syun/fruit/Budou-page/budou-Kyoho10s.jpg,974
965,Speee966不動産,https://foodslink.jp/syokuzaihyakka/syun/fruit/akebi-page/akebi11s.jpg,975
966,Speee967不動産,https://foodslink.jp/syokuzaihyakka/syun/fruit/shikuwasa/shikuwasa04s.jpg,976
967,Speee968不動産,https://foodslink.jp/syokuzaihyakka/syun/fruit/starfruit/starfruit04s.jpg,977
968,Speee969不動産,https://foodslink.jp/syokuzaihyakka/syun/fruit/Papaya/PapayaGreen01s.jpg,978
969,Speee970不動産,https://foodslink.jp/syokuzaihyakka/syun/fruit/sumomo/sumomo-taiyo2s.jpg,979
970,Speee971不動産,https://foodslink.jp/syokuzaihyakka/syun/fruit/Figue-page/ichijiku-toyomituhime2s.jpg,980
971,Speee972不動産,https://foodslink.jp/syokuzaihyakka/syun/fruit/Cranberry/Cranberry07s.jpg,981
972,Speee973不動産,https://foodslink.jp/syokuzaihyakka/syun/fruit/Budou-page/budou-Kyoho10s.jpg,982
973,Speee974不動産,https://foodslink.jp/syokuzaihyakka/syun/fruit/akebi-page/akebi11s.jpg,983
974,Speee975不動産,https://foodslink.jp/syokuzaihyakka/syun/fruit/shikuwasa/shikuwasa04s.jpg,984
975,Speee976不動産,https://foodslink.jp/syokuzaihyakka/syun/fruit/starfruit/starfruit04s.jpg,985
976,Speee977不動産,https://foodslink.jp/syokuzaihyakka/syun/fruit/Papaya/PapayaGreen01s.jpg,986
977,Speee978不動産,https://foodslink.jp/syokuzaihyakka/syun/fruit/sumomo/sumomo-taiyo2s.jpg,987
978,Speee979不動産,https://foodslink.jp/syokuzaihyakka/syun/fruit/Figue-page/ichijiku-toyomituhime2s.jpg,988
979,Speee980不動産,https://foodslink.jp/syokuzaihyakka/syun/fruit/Cranberry/Cranberry07s.jpg,989
980,Speee981不動産,https://foodslink.jp/syokuzaihyakka/syun/fruit/Budou-page/budou-Kyoho10s.jpg,990
981,Speee982不動産,https://foodslink.jp/syokuzaihyakka/syun/fruit/akebi-page/akebi11s.jpg,991
982,Speee983不動産,https://foodslink.jp/syokuzaihyakka/syun/fruit/shikuwasa/shikuwasa04s.jpg,992
983,Speee984不動産,https://foodslink.jp/syokuzaihyakka/syun/fruit/starfruit/starfruit04s.jpg,993
984,Speee985不動産,https://foodslink.jp/syokuzaihyakka/syun/fruit/Papaya/PapayaGreen01s.jpg,994
985,Speee986不動産,https://foodslink.jp/syokuzaihyakka/syun/fruit/sumomo/sumomo-taiyo2s.jpg,995
986,Speee987不動産,https://foodslink.jp/syokuzaihyakka/syun/fruit/Figue-page/ichijiku-toyomituhime2s.jpg,996
987,Speee988不動産,https://foodslink.jp/syokuzaihyakka/syun/fruit/Cranberry/Cranberry07s.jpg,997
988,Speee989不動産,https://foodslink.jp/syokuzaihyakka/syun/fruit/Budou-page/budou-Kyoho10s.jpg,998
989,Speee990不動産,https://foodslink.jp/syokuzaihyakka/syun/fruit/akebi-page/akebi11s.jpg,999
990,Speee991不動産,https://foodslink.jp/syokuzaihyakka/syun/fruit/shikuwasa/shikuwasa04s.jpg,1000
991,Speee992不動産,https://foodslink.jp/syokuzaihyakka/syun/fruit/starfruit/starfruit04s.jpg,1001
992,Speee993不動産,https://foodslink.jp/syokuzaihyakka/syun/fruit/Papaya/PapayaGreen01s.jpg,1002
993,Speee994不動産,https://foodslink.jp/syokuzaihyakka/syun/fruit/sumomo/sumomo-taiyo2s.jpg,1003
994,Speee995不動産,https://foodslink.jp/syokuzaihyakka/syun/fruit/Figue-page/ichijiku-toyomituhime2s.jpg,1004
995,Speee996不動産,https://foodslink.jp/syokuzaihyakka/syun/fruit/Cranberry/Cranberry07s.jpg,1005
996,Speee997不動産,https://foodslink.jp/syokuzaihyakka/syun/fruit/Budou-page/budou-Kyoho10s.jpg,1006
997,Speee998不動産,https://foodslink.jp/syokuzaihyakka/syun/fruit/akebi-page/akebi11s.jpg,1007
998,Speee999不動産,https://foodslink.jp/syokuzaihyakka/syun/fruit/shikuwasa/shikuwasa04s.jpg,1008
999,Speee1000不動産,https://foodslink.jp/syokuzaihyakka/syun/fruit/starfruit/starfruit04s.jpg,1009
1000,Speee1001不動産,https://foodslink.jp/syokuzaihyakka/syun/fruit/Papaya/PapayaGreen01s.jpg,1010
1001,Speee1002不動産,https://foodslink.jp/syokuzaihyakka/syun/fruit/sumomo/sumomo-taiyo2s.jpg,1011
1002,Speee1003不動産,https://foodslink.jp/syokuzaihyakka/syun/fruit/Figue-page/ichijiku-toyomituhime2s.jpg,1012
1003,Speee1004不動産,https://foodslink.jp/syokuzaihyakka/syun/fruit/Cranberry/Cranberry07s.jpg,1013
1004,Speee1005不動産,https://foodslink.jp/syokuzaihyakka/syun/fruit/Budou-page/budou-Kyoho10s.jpg,1014
1005,Speee1006不動産,https://foodslink.jp/syokuzaihyakka/syun/fruit/akebi-page/akebi11s.jpg,1015
1006,Speee1007不動産,https://foodslink.jp/syokuzaihyakka/syun/fruit/shikuwasa/shikuwasa04s.jpg,1016
1007,Speee1008不動産,https://foodslink.jp/syokuzaihyakka/syun/fruit/starfruit/starfruit04s.jpg,1017
1008,Speee1009不動産,https://foodslink.jp/syokuzaihyakka/syun/fruit/Papaya/PapayaGreen01s.jpg,1018
1009,Speee1010不動産,https://foodslink.jp/syokuzaihyakka/syun/fruit/sumomo/sumomo-taiyo2s.jpg,1019
1010,Speee1011不動産,https://foodslink.jp/syokuzaihyakka/syun/fruit/Figue-page/ichijiku-toyomituhime2s.jpg,1020
1011,Speee1012不動産,https://foodslink.jp/syokuzaihyakka/syun/fruit/Cranberry/Cranberry07s.jpg,1021
1012,Speee1013不動産,https://foodslink.jp/syokuzaihyakka/syun/fruit/Budou-page/budou-Kyoho10s.jpg,1022
1013,Speee1014不動産,https://foodslink.jp/syokuzaihyakka/syun/fruit/akebi-page/akebi11s.jpg,1023
1014,Speee1015不動産,https://foodslink.jp/syokuzaihyakka/syun/fruit/shikuwasa/shikuwasa04s.jpg,1024
1015,Speee1016不動産,https://foodslink.jp/syokuzaihyakka/syun/fruit/starfruit/starfruit04s.jpg,1025
1016,Speee1017不動産,https://foodslink.jp/syokuzaihyakka/syun/fruit/Papaya/PapayaGreen01s.jpg,1026
1017,Speee1018不動産,https://foodslink.jp/syokuzaihyakka/syun/fruit/sumomo/sumomo-taiyo2s.jpg,1027
1018,Speee1019不動産,https://foodslink.jp/syokuzaihyakka/syun/fruit/Figue-page/ichijiku-toyomituhime2s.jpg,1028
1019,Speee1020不動産,https://foodslink.jp/syokuzaihyakka/syun/fruit/Cranberry/Cranberry07s.jpg,1029
1020,Speee1021不動産,https://foodslink.jp/syokuzaihyakka/syun/fruit/Budou-page/budou-Kyoho10s.jpg,1030
1021,Speee1022不動産,https://foodslink.jp/syokuzaihyakka/syun/fruit/akebi-page/akebi11s.jpg,1031
1022,Speee1023不動産,https://foodslink.jp/syokuzaihyakka/syun/fruit/shikuwasa/shikuwasa04s.jpg,1032
1023,Speee1024不動産,https://foodslink.jp/syokuzaihyakka/syun/fruit/starfruit/starfruit04s.jpg,1033